"UF";"Cargo";"Número do candidato";"Nome do candidato";"Nome do candidato (urna)";"Partido";"Coligação";"Turno";"Situação de totalização";"Votos nominais do candidato";"Voto em trânsito";"Votos válidos por abrangência";"% votos válidos";"Data última totalização"
"AC";"Deputado Federal";"4545";"CYLMARA FERNANDES DA ROCHA GRIPP";"MARA ROCHA";"PSDB";"PP / PSDB / PSD / MDB / DEM / SOLIDARIEDADE / PTC / PMN / PR / PTB / PPS";"1";"Eleito";"40047";"0";"424991";"9,42";"07/10/2018 22:38:55"
"AC";"Deputado Federal";"1515";"JESSICA ROJAS SALES";"JÉSSICA SALES";"MDB";"PP / PSDB / PSD / MDB / DEM / SOLIDARIEDADE / PTC / PMN / PR / PTB / PPS";"1";"Eleito";"28717";"0";"424991";"6,76";"07/10/2018 22:38:55"
"AC";"Deputado Federal";"2525";"ALAN RICK MIRANDA";"ALAN RICK";"DEM";"PP / PSDB / PSD / MDB / DEM / SOLIDARIEDADE / PTC / PMN / PR / PTB / PPS";"1";"Eleito";"22263";"0";"424991";"5,24";"07/10/2018 22:38:55"
"AC";"Deputado Federal";"7777";"VANDA DENIR MILANI NOGUEIRA";"DRA. VANDA MILANI";"SOLIDARIEDADE";"PP / PSDB / PSD / MDB / DEM / SOLIDARIEDADE / PTC / PMN / PR / PTB / PPS";"1";"Eleito";"22219";"0";"424991";"5,23";"07/10/2018 22:38:55"
"AC";"Deputado Federal";"1555";"FLAVIANO FLAVIO BAPTISTA DE MELO";"FLAVIANO MELO";"MDB";"PP / PSDB / PSD / MDB / DEM / SOLIDARIEDADE / PTC / PMN / PR / PTB / PPS";"1";"Eleito";"18723";"0";"424991";"4,41";"07/10/2018 22:38:55"
"AC";"Deputado Federal";"6513";"MARIA PERPETUA DE ALMEIDA ";"PERPETUA ALMEIDA ";"PC do B";"PT / PSB / PHS / PC do B / DC";"1";"Eleito";"18374";"0";"424991";"4,32";"07/10/2018 22:38:55"
"AC";"Deputado Federal";"1212";"JESUS SERGIO DE MENEZES";"JESUS SÉRGIO";"PDT";"PDT";"1";"Eleito";"9537";"0";"424991";"2,24";"07/10/2018 22:38:55"
"AC";"Deputado Federal";"1010";"MANUEL MARCOS CARVALHO DE MESQUITA";"PASTOR MANUEL MARCOS";"PRB";"PSOL / PV / PPL / PRP / PRB / PODE / PROS / PMB";"1";"Eleito";"7489";"0";"424991";"1,76";"07/10/2018 22:38:55"
"AL";"Deputado Federal";"4040";"JOÃO HENRIQUE HOLANDA CALDAS";"JHC";"PSB";"PTC / PSDB / PP / PSB / PSC / PROS / PRB / DEM";"1";"Eleito";"178645";"0";"1458674";"12,25";"07/10/2018 23:52:30"
"AL";"Deputado Federal";"1111";"ARTHUR CESAR PEREIRA DE LIRA";"ARTHUR LIRA";"PP";"PTC / PSDB / PP / PSB / PSC / PROS / PRB / DEM";"1";"Eleito";"143858";"0";"1458674";"9,86";"07/10/2018 23:52:30"
"AL";"Deputado Federal";"5555";"MARX BELTRÃO LIMA SIQUEIRA";"MARX BELTRÃO";"PSD";"MDB / PPS / PDT / PR / PTB / PT / PRTB / PODE / PRP / PSD / PMN / AVANTE";"1";"Eleito";"139458";"0";"1458674";"9,56";"07/10/2018 23:52:30"
"AL";"Deputado Federal";"2222";"SÉRGIO TOLEDO DE ALBUQUERQUE";"SÉRGIO TOLEDO";"PR";"MDB / PPS / PDT / PR / PTB / PT / PRTB / PODE / PRP / PSD / PMN / AVANTE";"1";"Eleito";"98201";"0";"1458674";"6,73";"07/10/2018 23:52:30"
"AL";"Deputado Federal";"1400";"NIVALDO FERREIRA DE ALBUQUERQUE NETO";"NIVALDO ALBUQUERQUE";"PTB";"MDB / PPS / PDT / PR / PTB / PT / PRTB / PODE / PRP / PSD / PMN / AVANTE";"1";"Eleito";"84956";"0";"1458674";"5,82";"07/10/2018 23:52:30"
"AL";"Deputado Federal";"1515";"ISNALDO BULHÕES BARROS JUNIOR";"ISNALDO BULHÕES";"MDB";"MDB / PPS / PDT / PR / PTB / PT / PRTB / PODE / PRP / PSD / PMN / AVANTE";"1";"Eleito";"71847";"0";"1458674";"4,93";"07/10/2018 23:52:30"
"AL";"Deputado Federal";"1010";"SEVERINO DE LIRA PESSÔA";"SEVERINO PESSÔA";"PRB";"PTC / PSDB / PP / PSB / PSC / PROS / PRB / DEM";"1";"Eleito";"70413";"0";"1458674";"4,83";"07/10/2018 23:52:30"
"AL";"Deputado Federal";"1313";"PAULO FERNANDO DOS SANTOS";"PAULÃO";"PT";"MDB / PPS / PDT / PR / PTB / PT / PRTB / PODE / PRP / PSD / PMN / AVANTE";"1";"Eleito";"60900";"0";"1458674";"4,18";"07/10/2018 23:52:30"
"AL";"Deputado Federal";"4544";"TEREZA NELMA DA SILVA PORTO VIANA SOARES";"TEREZA NELMA";"PSDB";"PTC / PSDB / PP / PSB / PSC / PROS / PRB / DEM";"1";"Eleito";"44207";"0";"1458674";"3,03";"07/10/2018 23:52:30"
"AM";"Deputado Federal";"1313";"JOSE RICARDO WENDLING";"JOSÉ RICARDO";"PT";"PC do B / PT";"1";"Eleito";"197270";"0";"1763198";"11,19";"12/12/2018 12:56:21"
"AM";"Deputado Federal";"1717";"PABLO OLIVA SOUZA";"DELEGADO PABLO";"PSL";"PDT / PP / PV / PR / SOLIDARIEDADE / PTB / PHS / PSL";"1";"Eleito";"151649";"0";"1763198";"8,6";"12/12/2018 12:56:21"
"AM";"Deputado Federal";"1111";"ATILA SIDNEY LINS DE ALBUQUERQUE";"ATILA LINS";"PP";"PDT / PP / PV / PR / SOLIDARIEDADE / PTB / PHS / PSL";"1";"Eleito";"118700";"0";"1763198";"6,73";"12/12/2018 12:56:21"
"AM";"Deputado Federal";"1010";"SILAS CÂMARA";"SILAS CÂMARA";"PRB";"PSD / PRB / DEM / PTC / PSDB";"1";"Eleito";"117181";"0";"1763198";"6,65";"12/12/2018 12:56:21"
"AM";"Deputado Federal";"1000";"ALBERTO BARROS CAVALCANTE NETO";"CAPITÃO ALBERTO NETO";"PRB";"PSD / PRB / DEM / PTC / PSDB";"1";"Eleito";"107168";"0";"1763198";"6,08";"12/12/2018 12:56:21"
"AM";"Deputado Federal";"2222";"MARCELO RAMOS RODRIGUES";"MARCELO RAMOS";"PR";"PDT / PP / PV / PR / SOLIDARIEDADE / PTB / PHS / PSL";"1";"Eleito";"106805";"0";"1763198";"6,06";"12/12/2018 12:56:21"
"AM";"Deputado Federal";"5555";"SIDNEY RICARDO DE OLIVEIRA LEITE";"SIDNEY LEITE";"PSD";"PSD / PRB / DEM / PTC / PSDB";"1";"Eleito";"77458";"0";"1763198";"4,39";"12/12/2018 12:56:21"
"AM";"Deputado Federal";"7777";"JOÃO BOSCO GOMES SARAIVA";"BOSCO SARAIVA";"SOLIDARIEDADE";"PDT / PP / PV / PR / SOLIDARIEDADE / PTB / PHS / PSL";"1";"Eleito";"55477";"0";"1763198";"3,15";"12/12/2018 12:56:21"
"AP";"Deputado Federal";"4040";"CARLOS CAMILO GOES CAPIBERIBE";"CAMILO CAPIBERIBE";"PSB";"PT / PSB";"1";"Eleito";"24987";"0";"364871";"6,85";"01/02/2019 11:41:27"
"AP";"Deputado Federal";"9000";"ACÁCIO DA SILVA FAVACHO NETO";"ACÁCIO FAVACHO";"PROS";"PDT / PC do B / MDB / PROS";"1";"Eleito";"19111";"0";"364871";"5,24";"01/02/2019 11:41:27"
"AP";"Deputado Federal";"2222";"VINÍCIUS DE AZEVEDO GURGEL";"VINÍCIUS";"PR";"PPS / PHS / PR / PSL";"1";"Eleito";"18818";"0";"364871";"5,16";"01/02/2019 11:41:27"
"AP";"Deputado Federal";"1000";"ALINE PARANHOS VARONIL GURGEL";"ALINE GURGEL";"PRB";"PRB / PTB / DC / PTC / PRP";"1";"Eleito";"16519";"0";"364871";"4,53";"01/02/2019 11:41:27"
"AP";"Deputado Federal";"6565";"MARCIVANIA DO SOCORRO DA ROCHA FLEXA";"PROFESSORA MARCIVANIA";"PC do B";"PDT / PC do B / MDB / PROS";"1";"Eleito";"14196";"0";"364871";"3,89";"01/02/2019 11:41:27"
"AP";"Deputado Federal";"4545";"LUIZ CARLOS GOMES DOS SANTOS JUNIOR";"LUIZ CARLOS";"PSDB";"DEM / PSDB / PP / PSC / PSD / PATRI";"1";"Eleito";"14069";"0";"364871";"3,86";"01/02/2019 11:41:27"
"AP";"Deputado Federal";"1111";"ANDRE DOS SANTOS ABDON";"ANDRE ABDON";"PP";"DEM / PSDB / PP / PSC / PSD / PATRI";"1";"Eleito";"12856";"0";"364871";"3,52";"01/02/2019 11:41:27"
"AP";"Deputado Federal";"7070";"LEDA MARIA SADALA BRITO";"LEDA SADALA";"AVANTE";"REDE / PPL / AVANTE / SOLIDARIEDADE / PODE";"1";"Eleito";"11301";"0";"364871";"3,1";"01/02/2019 11:41:27"
"BA";"Deputado Federal";"7000";"MANOEL ISIDORIO DE SANTANA JUNIOR";"PASTOR SARGENTO ISIDÓRIO";"AVANTE";"AVANTE / PROS";"1";"Eleito";"323264";"0";"6868013";"4,71";"14/01/2019 14:32:23"
"BA";"Deputado Federal";"5588";"OTTO ROBERTO MENDONÇA DE ALENCAR FILHO";"OTTO ALENCAR FILHO";"PSD";"PT / PC do B / PP / PSB / PSD / PR / PODE";"1";"Eleito";"185428";"0";"6868013";"2,7";"14/01/2019 14:32:23"
"BA";"Deputado Federal";"1919";"JOÃO CARLOS BACELAR BATISTA";"BACELAR";"PODE";"PT / PC do B / PP / PSB / PSD / PR / PODE";"1";"Eleito";"149274";"0";"6868013";"2,17";"14/01/2019 14:32:23"
"BA";"Deputado Federal";"1717";"DAYANE JAMILLE CARNEIRO DOS SANTOS PIMENTEL";"PROF. DAYANE PIMENTEL";"PSL";"PHS / PPS / PRTB / PSL";"1";"Eleito";"136742";"0";"6868013";"1,99";"14/01/2019 14:32:23"
"BA";"Deputado Federal";"1313";"JORGE JOSÉ SANTOS PEREIRA SOLLA";"JORGE SOLLA";"PT";"PT / PC do B / PP / PSB / PSD / PR / PODE";"1";"Eleito";"135657";"0";"6868013";"1,98";"14/01/2019 14:32:23"
"BA";"Deputado Federal";"1301";"AFONSO BANDEIRA FLORENCE";"AFONSO FLORENCE";"PT";"PT / PC do B / PP / PSB / PSD / PR / PODE";"1";"Eleito";"130548";"0";"6868013";"1,9";"14/01/2019 14:32:23"
"BA";"Deputado Federal";"1323";"JOSÉ CERQUEIRA DE SANTANA NETO";"ZÉ NETO";"PT";"PT / PC do B / PP / PSB / PSD / PR / PODE";"1";"Eleito";"129196";"0";"6868013";"1,88";"14/01/2019 14:32:23"
"BA";"Deputado Federal";"5510";"ANTONIO LUIZ PARANHOS RIBEIRO LEITE DE BRITO";"ANTONIO BRITO";"PSD";"PT / PC do B / PP / PSB / PSD / PR / PODE";"1";"Eleito";"127716";"0";"6868013";"1,86";"14/01/2019 14:32:23"
"BA";"Deputado Federal";"6522";"ALICE MAZZUCO PORTUGAL";"ALICE PORTUGAL";"PC do B";"PT / PC do B / PP / PSB / PSD / PR / PODE";"1";"Eleito";"126595";"0";"6868013";"1,84";"14/01/2019 14:32:23"
"BA";"Deputado Federal";"1322";"WALDENOR ALVES PEREIRA FILHO";"WALDENOR PEREIRA";"PT";"PT / PC do B / PP / PSB / PSD / PR / PODE";"1";"Eleito";"121278";"0";"6868013";"1,77";"14/01/2019 14:32:23"
"BA";"Deputado Federal";"1310";"VALMIR CARLOS DA ASSUNÇÃO";"VALMIR ASSUNÇÃO";"PT";"PT / PC do B / PP / PSB / PSD / PR / PODE";"1";"Eleito";"118313";"0";"6868013";"1,72";"14/01/2019 14:32:23"
"BA";"Deputado Federal";"1144";"RONALDO CARLETTO";"RONALDO CARLETTO";"PP";"PT / PC do B / PP / PSB / PSD / PR / PODE";"1";"Eleito";"118097";"0";"6868013";"1,72";"14/01/2019 14:32:23"
"BA";"Deputado Federal";"1312";"JOSIAS GOMES DA SILVA";"JOSIAS GOMES";"PT";"PT / PC do B / PP / PSB / PSD / PR / PODE";"1";"Eleito";"115571";"0";"6868013";"1,68";"14/01/2019 14:32:23"
"BA";"Deputado Federal";"4000";"JOSÉ MARCELO DO NASCIMENTO NILO";"MARCELO NILO";"PSB";"PT / PC do B / PP / PSB / PSD / PR / PODE";"1";"Eleito";"115277";"0";"6868013";"1,68";"14/01/2019 14:32:23"
"BA";"Deputado Federal";"6565";"DANIEL GOMES DE ALMEIDA";"DANIEL ALMEIDA";"PC do B";"PT / PC do B / PP / PSB / PSD / PR / PODE";"1";"Eleito";"114213";"0";"6868013";"1,66";"14/01/2019 14:32:23"
"BA";"Deputado Federal";"1115";"CARLOS FELIPE VAZQUEZ DE SOUZA LEÃO";"CACÁ LEÃO";"PP";"PT / PC do B / PP / PSB / PSD / PR / PODE";"1";"Eleito";"106592";"0";"6868013";"1,55";"14/01/2019 14:32:23"
"BA";"Deputado Federal";"5580";"SERGIO LUIS LACERDA BRITO";"SÉRGIO BRITO";"PSD";"PT / PC do B / PP / PSB / PSD / PR / PODE";"1";"Eleito";"105427";"0";"6868013";"1,54";"14/01/2019 14:32:23"
"BA";"Deputado Federal";"4040";"LÍDICE DA MATA E SOUZA";"LÍDICE DA MATA";"PSB";"PT / PC do B / PP / PSB / PSD / PR / PODE";"1";"Eleito";"104348";"0";"6868013";"1,52";"14/01/2019 14:32:23"
"BA";"Deputado Federal";"1122";"CLAUDIO CAJADO SAMPAIO";"CLAUDIO CAJADO";"PP";"PT / PC do B / PP / PSB / PSD / PR / PODE";"1";"Eleito";"104322";"0";"6868013";"1,52";"14/01/2019 14:32:23"
"BA";"Deputado Federal";"2552";"ELMAR JOSÉ VIEIRA NASCIMENTO";"ELMAR";"DEM";"DEM / PRB / PV";"1";"Eleito";"103823";"0";"6868013";"1,51";"14/01/2019 14:32:23"
"BA";"Deputado Federal";"4545";"ADOLFO VIANA DE CASTRO NETO";"ADOLFO VIANA ";"PSDB";"PSDB";"1";"Eleito";"102603";"0";"6868013";"1,49";"14/01/2019 14:32:23"
"BA";"Deputado Federal";"1111";"MÁRIO SILVIO MENDES NEGROMONTE JÚNIOR";"MÁRIO NEGROMONTE JR";"PP";"PT / PC do B / PP / PSB / PSD / PR / PODE";"1";"Eleito";"102512";"0";"6868013";"1,49";"14/01/2019 14:32:23"
"BA";"Deputado Federal";"1346";"NELSON VICENTE PORTELA PELLEGRINO";"PELEGRINO";"PT";"PT / PC do B / PP / PSB / PSD / PR / PODE";"1";"Eleito";"101476";"0";"6868013";"1,48";"14/01/2019 14:32:23"
"BA";"Deputado Federal";"5577";"JOSE NUNES SOARES";"JOSÉ NUNES";"PSD";"PT / PC do B / PP / PSB / PSD / PR / PODE";"1";"Eleito";"99535";"0";"6868013";"1,45";"14/01/2019 14:32:23"
"BA";"Deputado Federal";"1010";"MARCIO CARLOS MARINHO";"MARCIO MARINHO";"PRB";"DEM / PRB / PV";"1";"Eleito";"95204";"0";"6868013";"1,39";"14/01/2019 14:32:23"
"BA";"Deputado Federal";"1234";"FELIX DE ALMEIDA MENDONÇA JUNIOR";"FELIX MENDONÇA";"PDT";"PDT";"1";"Eleito";"91913";"0";"6868013";"1,34";"14/01/2019 14:32:23"
"BA";"Deputado Federal";"2512";"ARTHUR DE OLIVEIRA MAIA DA SILVA";"ARTHUR MAIA";"DEM";"DEM / PRB / PV";"1";"Eleito";"88908";"0";"6868013";"1,29";"14/01/2019 14:32:23"
"BA";"Deputado Federal";"2288";"JOAO CARLOS PAOLILO BACELAR FILHO";"JOÃO BACELAR";"PR";"PT / PC do B / PP / PSB / PSD / PR / PODE";"1";"Eleito";"84684";"0";"6868013";"1,23";"14/01/2019 14:32:23"
"BA";"Deputado Federal";"1025";"JOÃO INÁCIO RIBEIRO ROMA NETO";"JOÃO ROMA";"PRB";"DEM / PRB / PV";"1";"Eleito";"84455";"0";"6868013";"1,23";"14/01/2019 14:32:23"
"BA";"Deputado Federal";"2526";"PAULO VELLOSO DANTAS AZI";"PAULO AZI";"DEM";"DEM / PRB / PV";"1";"Eleito";"84090";"0";"6868013";"1,22";"14/01/2019 14:32:23"
"BA";"Deputado Federal";"2222";"JOSE ALVES ROCHA";"JOSE ROCHA";"PR";"PT / PC do B / PP / PSB / PSD / PR / PODE";"1";"Eleito";"84016";"0";"6868013";"1,22";"14/01/2019 14:32:23"
"BA";"Deputado Federal";"2525";"LEUR ANTONIO DE BRITTO LOMANTO JUNIOR";"LEUR LOMANTO JR";"DEM";"DEM / PRB / PV";"1";"Eleito";"82110";"0";"6868013";"1,2";"14/01/2019 14:32:23"
"BA";"Deputado Federal";"5511";"CHARLES FERNANDES SILVEIRA SANTANA";"CHARLES FERNANDES";"PSD";"PT / PC do B / PP / PSB / PSD / PR / PODE";"1";"Eleito";"74116";"0";"6868013";"1,08";"14/01/2019 14:32:23"
"BA";"Deputado Federal";"5400";"ULDURICO ALENCAR PINTO";"ULDÚRICO JÚNIOR";"PPL";"PSC / PTB / SOLIDARIEDADE / PPL";"1";"Eleito";"66343";"0";"6868013";",97";"14/01/2019 14:32:23"
"BA";"Deputado Federal";"1223";"ALEX MARCO SANTANA SOUSA";"ALEX SANTANA";"PDT";"PDT";"1";"Eleito";"62922";"0";"6868013";",92";"14/01/2019 14:32:23"
"BA";"Deputado Federal";"3111";"ANDERSON MACHADO DE JESUS";"IGOR KANNARIO";"PHS";"PHS / PPS / PRTB / PSL";"1";"Eleito";"54858";"0";"6868013";",8";"14/01/2019 14:32:23"
"BA";"Deputado Federal";"3100";"JOSE ABILIO SILVA DE SANTANA";"PASTOR ABILIO SANTANA";"PHS";"PHS / PPS / PRTB / PSL";"1";"Eleito";"50345";"0";"6868013";",73";"14/01/2019 14:32:23"
"BA";"Deputado Federal";"7070";"CARLOS TITO MARQUES CORDEIRO";"TITO";"AVANTE";"AVANTE / PROS";"1";"Eleito";"48899";"0";"6868013";",71";"14/01/2019 14:32:23"
"BA";"Deputado Federal";"4422";"RAIMUNDO MAGALHÃES COSTA";"RAIMUNDO COSTA";"PRP";"PMN / PTC / PRP / PMB";"1";"Eleito";"38829";"0";"6868013";",57";"14/01/2019 14:32:23"
"CE";"Deputado Federal";"9090";"WAGNER SOUSA GOMES";"CAPITÃO WAGNER";"PROS";"PROS";"1";"Eleito";"303593";"0";"4596080";"6,61";"14/12/2018 09:45:55"
"CE";"Deputado Federal";"4321";"CELIO STUDART BARBOSA";"CELIO STUDART";"PV";"PT / PC do B / PP / PV / PR / PMN";"1";"Eleito";"208854";"0";"4596080";"4,54";"14/12/2018 09:45:55"
"CE";"Deputado Federal";"1313";"LUIZIANNE DE OLIVEIRA LINS";"LUIZIANNE";"PT";"PT / PC do B / PP / PV / PR / PMN";"1";"Eleito";"173777";"0";"4596080";"3,78";"14/12/2018 09:45:55"
"CE";"Deputado Federal";"1322";"JOSE NOBRE GUIMARAES";"GUIMARAES";"PT";"PT / PC do B / PP / PV / PR / PMN";"1";"Eleito";"173039";"0";"4596080";"3,76";"14/12/2018 09:45:55"
"CE";"Deputado Federal";"1221";"CARLOS MAURO BENEVIDES FILHO";"MAURO FILHO";"PDT";"PDT / PTB / DEM / PSB / PRP / PPL";"1";"Eleito";"157510";"0";"4596080";"3,43";"14/12/2018 09:45:55"
"CE";"Deputado Federal";"1213";"ANTONIO IDILVAN DE LIMA ALENCAR";"IDILVAN";"PDT";"PDT / PTB / DEM / PSB / PRP / PPL";"1";"Eleito";"154338";"0";"4596080";"3,36";"14/12/2018 09:45:55"
"CE";"Deputado Federal";"1111";"ANTONIO JOSE AGUIAR ALBUQUERQUE";"AJ ALBUQUERQUE";"PP";"PT / PC do B / PP / PV / PR / PMN";"1";"Eleito";"132319";"0";"4596080";"2,88";"14/12/2018 09:45:55"
"CE";"Deputado Federal";"1233";"MARCOS ROBERIO RIBEIRO MONTEIRO";"ROBÉRIO MONTEIRO";"PDT";"PDT / PTB / DEM / PSB / PRP / PPL";"1";"Eleito";"131275";"0";"4596080";"2,86";"14/12/2018 09:45:55"
"CE";"Deputado Federal";"1515";"MOSES HAENDEL MELO RODRIGUES";"MOSES RODRIGUES";"MDB";"MDB / PHS / AVANTE / SOLIDARIEDADE / PSD / PSC / PODE / PRB";"1";"Eleito";"128526";"0";"4596080";"2,8";"14/12/2018 09:45:55"
"CE";"Deputado Federal";"1451";"PEDRO AUGUSTO GEROMEL BEZERRA DE MENEZES";"PEDRO BEZERRA";"PTB";"PDT / PTB / DEM / PSB / PRP / PPL";"1";"Eleito";"119030";"0";"4596080";"2,59";"14/12/2018 09:45:55"
"CE";"Deputado Federal";"7777";"GENECIAS MATEUS NORONHA";"GENECIAS NORONHA";"SOLIDARIEDADE";"MDB / PHS / AVANTE / SOLIDARIEDADE / PSD / PSC / PODE / PRB";"1";"Eleito";"113515";"0";"4596080";"2,47";"14/12/2018 09:45:55"
"CE";"Deputado Federal";"5555";"DOMINGOS GOMES DE AGUIAR NETO";"DOMINGOS NETO";"PSD";"MDB / PHS / AVANTE / SOLIDARIEDADE / PSD / PSC / PODE / PRB";"1";"Eleito";"111154";"0";"4596080";"2,42";"14/12/2018 09:45:55"
"CE";"Deputado Federal";"4000";"DENIS ANDERSON DA ROCHA BEZERRA";"DENIS BEZERRA";"PSB";"PDT / PTB / DEM / PSB / PRP / PPL";"1";"Eleito";"106294";"0";"4596080";"2,31";"14/12/2018 09:45:55"
"CE";"Deputado Federal";"1234";"ANDRE PEIXOTO FIGUEIREDO LIMA";"ANDRÉ FIGUEIREDO";"PDT";"PDT / PTB / DEM / PSB / PRP / PPL";"1";"Eleito";"103385";"0";"4596080";"2,25";"14/12/2018 09:45:55"
"CE";"Deputado Federal";"4580";"ROBERTO SOARES PESSOA";"ROBERTO PESSOA";"PSDB";"PSDB";"1";"Eleito";"102470";"0";"4596080";"2,23";"14/12/2018 09:45:55"
"CE";"Deputado Federal";"1212";"JOSÉ LEÔNIDAS DE MENEZES CRISTINO";"LEONIDAS CRISTINO";"PDT";"PDT / PTB / DEM / PSB / PRP / PPL";"1";"Eleito";"102417";"0";"4596080";"2,23";"14/12/2018 09:45:55"
"CE";"Deputado Federal";"1717";"HEITOR RODRIGO PEREIRA FREIRE";"HEITOR FREIRE";"PSL";"DC / PSL";"1";"Eleito";"97201";"0";"4596080";"2,11";"14/12/2018 09:45:55"
"CE";"Deputado Federal";"1214";"EDUARDO HENRIQUE MAIA BISMARCK";"EDUARDO BISMARCK";"PDT";"PDT / PTB / DEM / PSB / PRP / PPL";"1";"Eleito";"87009";"0";"4596080";"1,89";"14/12/2018 09:45:55"
"CE";"Deputado Federal";"1333";"JOSE AIRTON FELIX CIRILO DA SILVA";"JOSE AIRTON";"PT";"PT / PC do B / PP / PV / PR / PMN";"1";"Eleito";"74099";"0";"4596080";"1,61";"14/12/2018 09:45:55"
"CE";"Deputado Federal";"5151";"ANTÔNIO LUIZ RODRIGUES MANO JÚNIOR";"JÚNIOR MANO";"PATRI";"PPS / PRTB / PATRI";"1";"Eleito";"67917";"0";"4596080";"1,48";"14/12/2018 09:45:55"
"CE";"Deputado Federal";"2277";"JAZIEL PEREIRA DE SOUSA";"DR.JAZIEL";"PR";"PT / PC do B / PP / PV / PR / PMN";"1";"Eleito";"65300";"0";"4596080";"1,42";"14/12/2018 09:45:55"
"CE";"Deputado Federal";"9099";"FRANCISCO VAIDON OLIVEIRA";"VAIDON OLIVEIRA";"PROS";"PROS";"1";"Eleito";"30392";"0";"4596080";",66";"14/12/2018 09:45:55"
"DF";"Deputado Federal";"2200";"FLAVIA CAROLINA PERES";"FLAVIA ARRUDA";"PR";"PSDB / PR / DEM";"1";"Eleito";"121340";"0";"1439876";"8,43";"19/12/2018 14:55:42"
"DF";"Deputado Federal";"1331";"ERIKA JUCA KOKAY";"ERIKA KOKAY";"PT";"PT";"1";"Eleito";"89986";"0";"1439876";"6,25";"19/12/2018 14:55:42"
"DF";"Deputado Federal";"4417";"BEATRIZ KICIS TORRENTS DE SORDI";"BIA KICIS";"PRP";"PRP / PRTB";"1";"Eleito";"86415";"0";"1439876";"6";"19/12/2018 14:55:42"
"DF";"Deputado Federal";"1010";"JULIO CESAR RIBEIRO";"JULIO CESAR";"PRB";"PRB / PODE / PPS / SOLIDARIEDADE / PSC / PSD";"1";"Eleito";"79775";"0";"1439876";"5,54";"19/12/2018 14:55:42"
"DF";"Deputado Federal";"4343";"ISRAEL MATOS BATISTA";"PROFESSOR ISRAEL";"PV";"PSB / PV / PC do B / PDT / REDE";"1";"Eleito";"67598";"0";"1439876";"4,69";"19/12/2018 14:55:42"
"DF";"Deputado Federal";"2555";"LUIS CLAUDIO FERNANDES MIRANDA";"LUIS MIRANDA";"DEM";"PSDB / PR / DEM";"1";"Eleito";"65107";"0";"1439876";"4,52";"19/12/2018 14:55:42"
"DF";"Deputado Federal";"2345";"PAULA MORENO PARO BELMONTE";"PAULA BELMONTE";"PPS";"PRB / PODE / PPS / SOLIDARIEDADE / PSC / PSD";"1";"Eleito";"46069";"0";"1439876";"3,2";"19/12/2018 14:55:42"
"DF";"Deputado Federal";"1122";"CELINA LEAO HIZIM";"CELINA LEÃO";"PP";"MDB / PP / PSL / AVANTE";"1";"Eleito";"31610";"0";"1439876";"2,2";"19/12/2018 14:55:42"
"ES";"Deputado Federal";"1010";"AMARO ROCHA NASCIMENTO NETO";"AMARO NETO";"PRB";"PR / PRB / PSL";"1";"Eleito";"181813";"0";"1933018";"9,41";"01/03/2019 17:03:53"
"ES";"Deputado Federal";"4044";"FELIPE RIGONI LOPES";"FELIPE RIGONI";"PSB";"PSB / PV / PSC / AVANTE / PTC / PPL";"1";"Eleito";"84405";"0";"1933018";"4,37";"01/03/2019 17:03:53"
"ES";"Deputado Federal";"2323";"JOSIAS MARIO DA VITORIA";"DA VITORIA";"PPS";"PP / PROS / PPS / PHS / PC do B";"1";"Eleito";"74787";"0";"1933018";"3,87";"01/03/2019 17:03:53"
"ES";"Deputado Federal";"1350";"HELDER IGNACIO SALOMÃO";"HELDER SALOMÃO";"PT";"PT";"1";"Eleito";"73384";"0";"1933018";"3,8";"01/03/2019 17:03:53"
"ES";"Deputado Federal";"1212";"ANTONIO SERGIO ALVES VIDIGAL";"SERGIO VIDIGAL";"PDT";"PDT / DEM / PSD / PSDB / PRP / SOLIDARIEDADE";"1";"Eleito";"73030";"0";"1933018";"3,78";"01/03/2019 17:03:53"
"ES";"Deputado Federal";"1717";"SORAYA DE SOUZA MANNATO";"DRA. SORAYA MANATO";"PSL";"PR / PRB / PSL";"1";"Eleito";"57741";"0";"1933018";"2,99";"01/03/2019 17:03:53"
"ES";"Deputado Federal";"2500";"NORMA AYUB ALVES";"NORMA AYUB";"DEM";"PDT / DEM / PSD / PSDB / PRP / SOLIDARIEDADE";"1";"Eleito";"57156";"0";"1933018";"2,96";"01/03/2019 17:03:53"
"ES";"Deputado Federal";"4040";"PAULO ROBERTO FOLETTO";"FOLETTO";"PSB";"PSB / PV / PSC / AVANTE / PTC / PPL";"1";"Eleito";"55957";"0";"1933018";"2,89";"01/03/2019 17:03:53"
"ES";"Deputado Federal";"2222";"LAURIETE RODRIGUES DE JESUS MALTA";"LAURIETE";"PR";"PR / PRB / PSL";"1";"Eleito";"51983";"0";"1933018";"2,69";"01/03/2019 17:03:53"
"ES";"Deputado Federal";"1143";"EVAIR VIEIRA DE MELO";"EVAIR DE MELO";"PP";"PP / PROS / PPS / PHS / PC do B";"1";"Eleito";"48412";"0";"1933018";"2,5";"01/03/2019 17:03:53"
"GO";"Deputado Federal";"1700";"WALDIR SOARES DE OLIVEIRA";"DELEGADO WALDIR";"PSL";"PSL / DC";"1";"Eleito";"274406";"0";"3031194";"9,05";"07/10/2018 22:31:27"
"GO";"Deputado Federal";"1212";"FLAVIA CARREIRO ALBUQUERQUE MORAIS";"FLAVIA MORAIS";"PDT";"DEM / PROS / PRP / PDT / PSC / PODE";"1";"Eleito";"169774";"0";"3031194";"5,6";"07/10/2018 22:31:27"
"GO";"Deputado Federal";"2580";"ZACARIAS CALIL HAMU";"DR. ZACARIAS CALIL";"DEM";"DEM / PROS / PRP / PDT / PSC / PODE";"1";"Eleito";"151508";"0";"3031194";"5";"07/10/2018 22:31:27"
"GO";"Deputado Federal";"5555";"FRANCISCO RODRIGUES VALE JUNIOR";"FRANCISCO JR";"PSD";"PSDB / PR / PSB / PPS / SOLIDARIEDADE / PTB / PSD";"1";"Eleito";"111788";"0";"3031194";"3,69";"07/10/2018 22:31:27"
"GO";"Deputado Federal";"1010";"JOÃO CAMPOS DE ARAÚJO";"JOÃO CAMPOS";"PRB";"MDB / PRB / PP";"1";"Eleito";"106014";"0";"3031194";"3,5";"07/10/2018 22:31:27"
"GO";"Deputado Federal";"2018";"GLAUSKSTON BATISTA RIOS";"GLAUSTIN DA FOKUS";"PSC";"DEM / PROS / PRP / PDT / PSC / PODE";"1";"Eleito";"100437";"0";"3031194";"3,31";"07/10/2018 22:31:27"
"GO";"Deputado Federal";"2555";"JOSE MARIO SCHREINER";"ZÉ MARIO";"DEM";"DEM / PROS / PRP / PDT / PSC / PODE";"1";"Eleito";"96188";"0";"3031194";"3,17";"07/10/2018 22:31:27"
"GO";"Deputado Federal";"2222";"MAGDA MOFATTO HON";"MAGDA MOFATTO";"PR";"PSDB / PR / PSB / PPS / SOLIDARIEDADE / PTB / PSD";"1";"Eleito";"88894";"0";"3031194";"2,93";"07/10/2018 22:31:27"
"GO";"Deputado Federal";"1170";"ALCIDES RIBEIRO FILHO";"PROFESSOR ALCIDES";"PP";"MDB / PRB / PP";"1";"Eleito";"88545";"0";"3031194";"2,92";"07/10/2018 22:31:27"
"GO";"Deputado Federal";"1313";"RUBENS OTONI GOMIDE";"RUBENS OTONI";"PT";"PT / PC do B";"1";"Eleito";"83063";"0";"3031194";"2,74";"07/10/2018 22:31:27"
"GO";"Deputado Federal";"7777";"LUCAS DE CASTRO SANTOS";"LUCAS VERGÍLIO";"SOLIDARIEDADE";"PSDB / PR / PSB / PPS / SOLIDARIEDADE / PTB / PSD";"1";"Eleito";"78431";"0";"3031194";"2,59";"07/10/2018 22:31:27"
"GO";"Deputado Federal";"1111";"ADRIANO ANTÔNIO AVELAR";"ADRIANO DO BALDY";"PP";"MDB / PRB / PP";"1";"Eleito";"77729";"0";"3031194";"2,56";"07/10/2018 22:31:27"
"GO";"Deputado Federal";"4040";"ELIAS VAZ DE ANDRADE";"ELIAS VAZ";"PSB";"PSDB / PR / PSB / PPS / SOLIDARIEDADE / PTB / PSD";"1";"Eleito";"74877";"0";"3031194";"2,47";"07/10/2018 22:31:27"
"GO";"Deputado Federal";"4599";"CÉLIO ANTÔNIO DA SILVEIRA";"CÉLIO SILVEIRA";"PSDB";"PSDB / PR / PSB / PPS / SOLIDARIEDADE / PTB / PSD";"1";"Eleito";"70663";"0";"3031194";"2,33";"07/10/2018 22:31:27"
"GO";"Deputado Federal";"4444";"ALCIDES RODRIGUES FILHO";"ALCIDES RODRIGUES";"PRP";"DEM / PROS / PRP / PDT / PSC / PODE";"1";"Eleito";"64941";"0";"3031194";"2,14";"07/10/2018 22:31:27"
"GO";"Deputado Federal";"1919";"JOSÉ NELTO LAGARES DAS MERCEZ";"JOSÉ  NELTO";"PODE";"DEM / PROS / PRP / PDT / PSC / PODE";"1";"Eleito";"61809";"0";"3031194";"2,04";"07/10/2018 22:31:27"
"GO";"Deputado Federal";"1701";"VITOR HUGO DE ARAUJO ALMEIDA";"MAJOR VITOR HUGO";"PSL";"PSL / DC";"1";"Eleito";"31190";"0";"3031194";"1,03";"07/10/2018 22:31:27"
"MA";"Deputado Federal";"2222";"JOSIMAR CUNHA RODRIGUES";"JOSIMAR MARANHÃOZINHO";"PR";"PDT / PP / PR / PATRI";"1";"Eleito";"195768";"0";"3270678";"5,99";"13/12/2018 17:30:03"
"MA";"Deputado Federal";"3333";"EDUARDO SALIM BRAIDE";"EDUARDO BRAIDE";"PMN";"PMN / PHS";"1";"Eleito";"189843";"0";"3270678";"5,8";"13/12/2018 17:30:03"
"MA";"Deputado Federal";"6513";"MÁRCIO JERRY SARAIVA BARROSO";"MÁRCIO JERRY";"PC do B";"PC do B / PRB / PPS / SOLIDARIEDADE / PROS / PTC / PTB / PSB / DEM / AVANTE / PPL";"1";"Eleito";"134223";"0";"3270678";"4,1";"13/12/2018 17:30:03"
"MA";"Deputado Federal";"2200";"JOSE LOURENÇO BONFIM JUNIOR";"JUNIOR LOURENÇO";"PR";"PDT / PP / PR / PATRI";"1";"Eleito";"117033";"0";"3270678";"3,58";"13/12/2018 17:30:03"
"MA";"Deputado Federal";"6565";"RUBENS PEREIRA E SILVA JUNIOR";"RUBENS JUNIOR";"PC do B";"PC do B / PRB / PPS / SOLIDARIEDADE / PROS / PTC / PTB / PSB / DEM / AVANTE / PPL";"1";"Eleito";"111584";"0";"3270678";"3,41";"13/12/2018 17:30:03"
"MA";"Deputado Federal";"1414";"PEDRO LUCAS ANDRADE FERNANDES RIBEIRO";"PEDRO LUCAS FERNANDES";"PTB";"PC do B / PRB / PPS / SOLIDARIEDADE / PROS / PTC / PTB / PSB / DEM / AVANTE / PPL";"1";"Eleito";"111538";"0";"3270678";"3,41";"13/12/2018 17:30:03"
"MA";"Deputado Federal";"5533";"EDILAZIO GOMES DA SILVA JUNIOR";"EDILAZIO";"PSD";"MDB / PV / PSD / PSC / PMB / PRP";"1";"Eleito";"106578";"0";"3270678";"3,26";"13/12/2018 17:30:03"
"MA";"Deputado Federal";"1919";"ALUISIO GUIMARÃES MENDES FILHO";"ALUISIO MENDES";"PODE";"PSDB / REDE / PODE / DC";"1";"Eleito";"105778";"0";"3270678";"3,23";"13/12/2018 17:30:03"
"MA";"Deputado Federal";"1111";"ANDRE LUIZ CARVALHO RIBEIRO";"ANDRE FUFUCA";"PP";"PDT / PP / PR / PATRI";"1";"Eleito";"105606";"0";"3270678";"3,23";"13/12/2018 17:30:03"
"MA";"Deputado Federal";"1010";"CLEBER VERDE CORDEIRO MENDES";"CLEBER VERDE";"PRB";"PC do B / PRB / PPS / SOLIDARIEDADE / PROS / PTC / PTB / PSB / DEM / AVANTE / PPL";"1";"Eleito";"101806";"0";"3270678";"3,11";"13/12/2018 17:30:03"
"MA";"Deputado Federal";"4000";"UBIRAJARA DO PINDARÉ ALMEIDA SOUSA";"BIRA DO PINDARÉ";"PSB";"PC do B / PRB / PPS / SOLIDARIEDADE / PROS / PTC / PTB / PSB / DEM / AVANTE / PPL";"1";"Eleito";"99598";"0";"3270678";"3,05";"13/12/2018 17:30:03"
"MA";"Deputado Federal";"2510";"JOSÉ JUSCELINO DOS SANTOS REZENDE FILHO";"JUSCELINO FILHO";"DEM";"PC do B / PRB / PPS / SOLIDARIEDADE / PROS / PTC / PTB / PSB / DEM / AVANTE / PPL";"1";"Eleito";"97075";"0";"3270678";"2,97";"13/12/2018 17:30:03"
"MA";"Deputado Federal";"5122";"ANTONIO DA CRUZ FILGUEIRA NETO";"JUNIOR MARRECA FILHO";"PATRI";"PDT / PP / PR / PATRI";"1";"Eleito";"79674";"0";"3270678";"2,44";"13/12/2018 17:30:03"
"MA";"Deputado Federal";"1513";"HILDO AUGUSTO DA ROCHA NETO";"HILDO ROCHA";"MDB";"MDB / PV / PSD / PSC / PMB / PRP";"1";"Eleito";"77661";"0";"3270678";"2,37";"13/12/2018 17:30:03"
"MA";"Deputado Federal";"1313";"JOSE CARLOS NUNES JUNIOR";"ZE CARLOS";"PT";"PT";"1";"Eleito";"76893";"0";"3270678";"2,35";"13/12/2018 17:30:03"
"MA";"Deputado Federal";"1234";"GILLIANO FRED NASCIMENTO CUTRIM";"GIL CUTRIM";"PDT";"PDT / PP / PR / PATRI";"1";"Eleito";"72038";"0";"3270678";"2,2";"13/12/2018 17:30:03"
"MA";"Deputado Federal";"1555";"JOÃO MARCELO SANTOS SOUZA";"JOÃO MARCELO";"MDB";"MDB / PV / PSD / PSC / PMB / PRP";"1";"Eleito";"67352";"0";"3270678";"2,06";"13/12/2018 17:30:03"
"MA";"Deputado Federal";"3344";"GILDENEMIR DE LIMA SOUSA";"PASTOR GILDENEMYR";"PMN";"PMN / PHS";"1";"Eleito";"47757";"0";"3270678";"1,46";"13/12/2018 17:30:03"
"MG";"Deputado Federal";"1717";"MARCELO HENRIQUE TEIXEIRA DIAS";"MARCELO ALVARO ANTONIO";"PSL";"PSL";"1";"Eleito";"230008";"0";"10087536";"2,28";"17/06/2019 14:24:58"
"MG";"Deputado Federal";"1312";"REGINALDO LAZARO DE OLIVEIRA LOPES";"REGINALDO LOPES";"PT";"PT / PR / PSB / DC / PC do B";"1";"Eleito";"194332";"0";"10087536";"1,93";"17/06/2019 14:24:58"
"MG";"Deputado Federal";"7040";"ANDRE LUIS GASPAR JANONES";"ANDRE JANONES";"AVANTE";"AVANTE";"1";"Eleito";"178660";"0";"10087536";"1,77";"17/06/2019 14:24:58"
"MG";"Deputado Federal";"1378";"PAULO JOSÉ CARLOS GUEDES";"PAULO GUEDES";"PT";"PT / PR / PSB / DC / PC do B";"1";"Eleito";"176841";"0";"10087536";"1,75";"17/06/2019 14:24:58"
"MG";"Deputado Federal";"5018";"ÁUREA CAROLINA DE FREITAS E SILVA";"AUREA CAROLINA";"PSOL";"PSOL / PCB";"1";"Eleito";"162740";"0";"10087536";"1,61";"17/06/2019 14:24:58"
"MG";"Deputado Federal";"1010";"GILBERTO APARECIDO ABRAMO";"GILBERTO ABRAMO";"PRB";"PDT / PV / PRB / MDB";"1";"Eleito";"162092";"0";"10087536";"1,61";"17/06/2019 14:24:58"
"MG";"Deputado Federal";"1720";"GERALDO JUNIO DO AMARAL";"CABO JUNIO AMARAL";"PSL";"PSL";"1";"Eleito";"158541";"0";"10087536";"1,57";"17/06/2019 14:24:58"
"MG";"Deputado Federal";"9033";"EROS FERREIRA BIONDINI";"EROS BIONDINI";"PROS";"PROS";"1";"Eleito";"157394";"0";"10087536";"1,56";"17/06/2019 14:24:58"
"MG";"Deputado Federal";"1313";"ROGERIO CORREIA DE MOURA BAPTISTA";"ROGÉRIO CORREIA";"PT";"PT / PR / PSB / DC / PC do B";"1";"Eleito";"131312";"0";"10087536";"1,3";"17/06/2019 14:24:58"
"MG";"Deputado Federal";"1315";"JOÃO CARLOS SIQUEIRA";"PADRE JOÃO";"PT";"PT / PR / PSB / DC / PC do B";"1";"Eleito";"131228";"0";"10087536";"1,3";"17/06/2019 14:24:58"
"MG";"Deputado Federal";"4550";"RODRIGO BATISTA DE CASTRO";"RODRIGO DE CASTRO";"PSDB";"PSDB / PSD / SOLIDARIEDADE / PPS / DEM / PP";"1";"Eleito";"131120";"0";"10087536";"1,3";"17/06/2019 14:24:58"
"MG";"Deputado Federal";"9090";"WELITON FERNANDES PRADO";"WELITON PRADO";"PROS";"PROS";"1";"Eleito";"129199";"0";"10087536";"1,28";"17/06/2019 14:24:58"
"MG";"Deputado Federal";"5505";"MISAEL ARTUR FERREIRA VARELLA";"MISAEL VARELLA";"PSD";"PSDB / PSD / SOLIDARIEDADE / PPS / DEM / PP";"1";"Eleito";"128537";"0";"10087536";"1,27";"17/06/2019 14:24:58"
"MG";"Deputado Federal";"1515";"HERCÍLIO ARAÚJO DINIZ FILHO";"HERCÍLIO COELHO DINIZ";"MDB";"PDT / PV / PRB / MDB";"1";"Eleito";"120489";"0";"10087536";"1,19";"17/06/2019 14:24:58"
"MG";"Deputado Federal";"5544";"STEFANO AGUIAR DOS SANTOS";"STEFANO AGUIAR";"PSD";"PSDB / PSD / SOLIDARIEDADE / PPS / DEM / PP";"1";"Eleito";"115795";"0";"10087536";"1,15";"17/06/2019 14:24:58"
"MG";"Deputado Federal";"1333";"PATRUS ANANIAS DE SOUZA";"PATRUS ANANIAS";"PT";"PT / PR / PSB / DC / PC do B";"1";"Eleito";"112724";"0";"10087536";"1,12";"17/06/2019 14:24:58"
"MG";"Deputado Federal";"7777";"JOSÉ SILVA SOARES";"ZÉ SILVA";"SOLIDARIEDADE";"PSDB / PSD / SOLIDARIEDADE / PPS / DEM / PP";"1";"Eleito";"109335";"0";"10087536";"1,08";"17/06/2019 14:24:58"
"MG";"Deputado Federal";"3133";"MARCELO GUILHERME DE ARO FERREIRA";"MARCELO ARO";"PHS";"PHS / PRP";"1";"Eleito";"107219";"0";"10087536";"1,06";"17/06/2019 14:24:58"
"MG";"Deputado Federal";"4500";"AÉCIO NEVES DA CUNHA";"AÉCIO NEVES";"PSDB";"PSDB / PSD / SOLIDARIEDADE / PPS / DEM / PP";"1";"Eleito";"106702";"0";"10087536";"1,06";"17/06/2019 14:24:58"
"MG";"Deputado Federal";"4535";"EDUARDO LUIZ BARROS BARBOSA";"EDUARDO BARBOSA";"PSDB";"PSDB / PSD / SOLIDARIEDADE / PPS / DEM / PP";"1";"Eleito";"105969";"0";"10087536";"1,05";"17/06/2019 14:24:58"
"MG";"Deputado Federal";"5555";"DIEGO LEONARDO DE ANDRADE CARVALHO";"DIEGO ANDRADE";"PSD";"PSDB / PSD / SOLIDARIEDADE / PPS / DEM / PP";"1";"Eleito";"105803";"0";"10087536";"1,05";"17/06/2019 14:24:58"
"MG";"Deputado Federal";"2233";"LINCOLN DINIZ PORTELA";"LINCOLN PORTELA";"PR";"PT / PR / PSB / DC / PC do B";"1";"Eleito";"105731";"0";"10087536";"1,05";"17/06/2019 14:24:58"
"MG";"Deputado Federal";"4055";"EMIDIO ALVES MADEIRA JUNIOR";"EMIDINHO MADEIRA";"PSB";"PT / PR / PSB / DC / PC do B";"1";"Eleito";"103533";"0";"10087536";"1,03";"17/06/2019 14:24:58"
"MG";"Deputado Federal";"1080";"LAFAYETTE LUIZ DOORGAL DE ANDRADA";"LAFAYETTE ANDRADA";"PRB";"PDT / PV / PRB / MDB";"1";"Eleito";"103090";"0";"10087536";"1,02";"17/06/2019 14:24:58"
"MG";"Deputado Federal";"1122";"ANTÔNIO PINHEIRO NETO";"PINHEIRINHO";"PP";"PSDB / PSD / SOLIDARIEDADE / PPS / DEM / PP";"1";"Eleito";"98404";"0";"10087536";",98";"17/06/2019 14:24:58"
"MG";"Deputado Federal";"1231";"LUIZ GONZAGA RIBEIRO";"SUBTENENTE GONZAGA";"PDT";"PDT / PV / PRB / MDB";"1";"Eleito";"93932";"0";"10087536";",93";"17/06/2019 14:24:58"
"MG";"Deputado Federal";"1314";"MARIA MARGARIDA MARTINS SALOMÃO";"MARGARIDA SALOMÃO";"PT";"PT / PR / PSB / DC / PC do B";"1";"Eleito";"89378";"0";"10087536";",89";"17/06/2019 14:24:58"
"MG";"Deputado Federal";"1234";"MÁRIO LÚCIO HERINGER";"DR. MÁRIO HERINGER";"PDT";"PDT / PV / PRB / MDB";"1";"Eleito";"89046";"0";"10087536";",88";"17/06/2019 14:24:58"
"MG";"Deputado Federal";"1307";"ODAIR JOSÉ DA CUNHA";"ODAIR CUNHA";"PT";"PT / PR / PSB / DC / PC do B";"1";"Eleito";"87891";"0";"10087536";",87";"17/06/2019 14:24:58"
"MG";"Deputado Federal";"2545";"OLAVO BILAC PINTO NETO";"BILAC PINTO";"DEM";"PSDB / PSD / SOLIDARIEDADE / PPS / DEM / PP";"1";"Eleito";"87683";"0";"10087536";",87";"17/06/2019 14:24:58"
"MG";"Deputado Federal";"5133";"FREDERICO BORGES DA COSTA";"FRED COSTA";"PATRI";"PATRI / PTC / PMB";"1";"Eleito";"87446";"0";"10087536";",87";"17/06/2019 14:24:58"
"MG";"Deputado Federal";"4560";"DOMINGOS SÁVIO CAMPOS RESENDE";"DOMINGOS SÁVIO";"PSDB";"PSDB / PSD / SOLIDARIEDADE / PPS / DEM / PP";"1";"Eleito";"80990";"0";"10087536";",8";"17/06/2019 14:24:58"
"MG";"Deputado Federal";"4545";"PAULO ABI-ACKEL";"PAULO ABI ACKEL";"PSDB";"PSDB / PSD / SOLIDARIEDADE / PPS / DEM / PP";"1";"Eleito";"79797";"0";"10087536";",79";"17/06/2019 14:24:58"
"MG";"Deputado Federal";"1111";"DIMAS FABIANO TOLEDO JUNIOR";"DIMAS FABIANO";"PP";"PSDB / PSD / SOLIDARIEDADE / PPS / DEM / PP";"1";"Eleito";"74223";"0";"10087536";",74";"17/06/2019 14:24:58"
"MG";"Deputado Federal";"3031";"TIAGO LIMA MITRAUD DE CASTRO LEITE";"TIAGO MITRAUD";"NOVO";"NOVO";"1";"Eleito";"71901";"0";"10087536";",71";"17/06/2019 14:24:58"
"MG";"Deputado Federal";"4057";"VILSON LUIZ DA SILVA";"VILSON DA FETAEMG";"PSB";"PT / PR / PSB / DC / PC do B";"1";"Eleito";"70481";"0";"10087536";",7";"17/06/2019 14:24:58"
"MG";"Deputado Federal";"1510";"NEWTON CARDOSO JÚNIOR";"NEWTON CARDOSO JR";"MDB";"PDT / PV / PRB / MDB";"1";"Eleito";"69900";"0";"10087536";",69";"17/06/2019 14:24:58"
"MG";"Deputado Federal";"1363";"JOSÉ LEONARDO COSTA MONTEIRO";"LEONARDO MONTEIRO";"PT";"PT / PR / PSB / DC / PC do B";"1";"Eleito";"68686";"0";"10087536";",68";"17/06/2019 14:24:58"
"MG";"Deputado Federal";"2015";"EUCLYDES MARCOS PETTERSEN NETO";"EUCLYDES PETTERSEN ";"PSC";"PSC / PTB / PMN";"1";"Eleito";"65316";"0";"10087536";",65";"17/06/2019 14:24:58"
"MG";"Deputado Federal";"3022";"LUCAS DE VASCONCELOS GONZALEZ";"LUCAS GONZALEZ";"NOVO";"NOVO";"1";"Eleito";"64022";"0";"10087536";",63";"17/06/2019 14:24:58"
"MG";"Deputado Federal";"1513";"FÁBIO AUGUSTO RAMALHO DOS SANTOS";"FABIO RAMALHO";"MDB";"PDT / PV / PRB / MDB";"1";"Eleito";"63149";"0";"10087536";",63";"17/06/2019 14:24:58"
"MG";"Deputado Federal";"5152";"FREDERICO DE CASTRO ESCALEIRA";"DOUTOR FREDERICO";"PATRI";"PATRI / PTC / PMB";"1";"Eleito";"60950";"0";"10087536";",6";"17/06/2019 14:24:58"
"MG";"Deputado Federal";"1999";"IGOR TARCIANO TIMO";"IGOR TIMO";"PODE";"PODE";"1";"Eleito";"60509";"0";"10087536";",6";"17/06/2019 14:24:58"
"MG";"Deputado Federal";"4050";"JULIO CESAR DELGADO";"JULIO DELGADO";"PSB";"PT / PR / PSB / DC / PC do B";"1";"Eleito";"58413";"0";"10087536";",58";"17/06/2019 14:24:58"
"MG";"Deputado Federal";"1511";"MAURO RIBEIRO LOPES";"MAURO LOPES";"MDB";"PDT / PV / PRB / MDB";"1";"Eleito";"58243";"0";"10087536";",58";"17/06/2019 14:24:58"
"MG";"Deputado Federal";"1777";"MARCELO EDUARDO FREITAS";"DELEGADO MARCELO FREITAS";"PSL";"PSL";"1";"Eleito";"58176";"0";"10087536";",58";"17/06/2019 14:24:58"
"MG";"Deputado Federal";"3132";"FRANCO CARTAFINA GOMES";"FRANCO CARTAFINA";"PHS";"PHS / PRP";"1";"Eleito";"53390";"0";"10087536";",53";"17/06/2019 14:24:58"
"MG";"Deputado Federal";"1745";"CHARLLES THOMACELLI EVANGELISTA";"CHARLLES EVANGELISTA";"PSL";"PSL";"1";"Eleito";"51626";"0";"10087536";",51";"17/06/2019 14:24:58"
"MG";"Deputado Federal";"1707";"ELIEL MÁRCIO DO CARMO";"LÉO MOTTA";"PSL";"PSL";"1";"Eleito";"51073";"0";"10087536";",51";"17/06/2019 14:24:58"
"MG";"Deputado Federal";"7070";"LUIS HENRIQUE DE OLIVEIRA RESENDE";"LUIS TIBE";"AVANTE";"AVANTE";"1";"Eleito";"50474";"0";"10087536";",5";"17/06/2019 14:24:58"
"MG";"Deputado Federal";"1704";"ALESSANDRA DA SILVA";"ALÊ SILVA";"PSL";"PSL";"1";"Eleito";"48043";"0";"10087536";",48";"17/06/2019 14:24:58"
"MG";"Deputado Federal";"7011";"GREYCE DE QUEIROZ ELIAS";"GREYCE ELIAS";"AVANTE";"AVANTE";"1";"Eleito";"37620";"0";"10087536";",37";"17/06/2019 14:24:58"
"MG";"Deputado Federal";"3333";"JOSE VITOR DE RESENDE AGUIAR";"ZÉ VITOR";"PMN";"PSC / PTB / PMN";"1";"Eleito";"32833";"0";"10087536";",33";"17/06/2019 14:24:58"
"MS";"Deputado Federal";"4555";"ROSIANE MODESTO DE OLIVEIRA";"ROSE MODESTO";"PSDB";"PSDB / PATRI / PSD / PMB / DEM / PP";"1";"Eleito";"120901";"0";"1240027";"9,75";"07/10/2018 19:48:45"
"MS";"Deputado Federal";"5555";"FABIO RICARDO TRAD";"FABIO TRAD";"PSD";"PSDB / PATRI / PSD / PMB / DEM / PP";"1";"Eleito";"89385";"0";"1240027";"7,21";"07/10/2018 19:48:45"
"MS";"Deputado Federal";"4545";"HUMBERTO REZENDE PEREIRA";"BETO PEREIRA";"PSDB";"PSDB / PATRI / PSD / PMB / DEM / PP";"1";"Eleito";"80500";"0";"1240027";"6,49";"07/10/2018 19:48:45"
"MS";"Deputado Federal";"2525";"TEREZA CRISTINA CORREA DA COSTA DIAS";"TEREZA CRISTINA";"DEM";"PSDB / PATRI / PSD / PMB / DEM / PP";"1";"Eleito";"75068";"0";"1240027";"6,05";"07/10/2018 19:48:45"
"MS";"Deputado Federal";"1733";"LOESTER CARLOS GOMES DE SOUZA";"TIO TRUTIS";"PSL";"PPS / PROS / SOLIDARIEDADE / PSB / PTB / AVANTE / PSL / PMN";"1";"Eleito";"56339";"0";"1240027";"4,54";"07/10/2018 19:48:45"
"MS";"Deputado Federal";"1331";"VANDER LUIZ DOS SANTOS LOUBET";"VANDER LOUBET";"PT";"PT";"1";"Eleito";"55970";"0";"1240027";"4,51";"07/10/2018 19:48:45"
"MS";"Deputado Federal";"1707";"LUIZ ALBERTO OVANDO";"DR. LUIZ OVANDO";"PSL";"PPS / PROS / SOLIDARIEDADE / PSB / PTB / AVANTE / PSL / PMN";"1";"Eleito";"50376";"0";"1240027";"4,06";"07/10/2018 19:48:45"
"MS";"Deputado Federal";"1234";"DAGOBERTO NOGUEIRA FILHO";"DAGOBERTO";"PDT";"PDT / PRB / PODE";"1";"Eleito";"40233";"0";"1240027";"3,24";"07/10/2018 19:48:45"
"MT";"Deputado Federal";"1700";"NELSON NED PREVIDENTE";"NELSON BARBUDO";"PSL";"PSL / PATRI / PRP";"1";"Eleito";"126249";"0";"1481262";"8,52";"11/10/2019 08:41:06"
"MT";"Deputado Federal";"1900";"JOSE ANTONIO DOS SANTOS MEDEIROS";"JOSE MEDEIROS";"PODE";"PRB / PP / PTB / PT / PMN / PODE / PROS / PR";"1";"Eleito";"82528";"0";"1481262";"5,57";"11/10/2019 08:41:06"
"MT";"Deputado Federal";"1414";"EMANUEL PINHEIRO DA SILVA PRIMO";"EMANUELZINHO";"PTB";"PRB / PP / PTB / PT / PMN / PODE / PROS / PR";"1";"Eleito";"76781";"0";"1481262";"5,18";"11/10/2019 08:41:06"
"MT";"Deputado Federal";"1122";"NERI GELLER";"NERI GELLER";"PP";"PRB / PP / PTB / PT / PMN / PODE / PROS / PR";"1";"Eleito";"73072";"0";"1481262";"4,93";"11/10/2019 08:41:06"
"MT";"Deputado Federal";"1515";"CARLOS GOMES BEZERRA";"CARLOS BEZERRA";"MDB";"DEM / PDT / PSD / MDB / PMB";"1";"Eleito";"59155";"0";"1481262";"3,99";"11/10/2019 08:41:06"
"MT";"Deputado Federal";"7700";"LEONARDO RIBEIRO ALBUQUERQUE";"DR LEONARDO";"SOLIDARIEDADE";"PSDB / PPS / PSB / SOLIDARIEDADE";"1";"Eleito";"52335";"0";"1481262";"3,53";"11/10/2019 08:41:06"
"MT";"Deputado Federal";"1313";"ROSA NEIDE SANDES DE ALMEIDA";"PROFESSORA ROSA NEIDE";"PT";"PRB / PP / PTB / PT / PMN / PODE / PROS / PR";"1";"Eleito";"51015";"0";"1481262";"3,44";"11/10/2019 08:41:06"
"MT";"Deputado Federal";"1520";"JUAREZ ALVES DA COSTA";"JUAREZ COSTA";"MDB";"DEM / PDT / PSD / MDB / PMB";"1";"Eleito";"49912";"0";"1481262";"3,37";"11/10/2019 08:41:06"
"PA";"Deputado Federal";"5050";"EDMILSON BRITO RODRIGUES";"EDMILSON RODRIGUES";"PSOL";"PSOL / PPL / PCB";"1";"Eleito";"184042";"0";"3956457";"4,65";"07/12/2018 12:11:45"
"PA";"Deputado Federal";"2222";"CRISTIANO DUTRA VALE";"CRISTIANO VALE";"PR";"MDB / PSD / PR / PP / PTB / PSC / PSL / PRB / PMB / PHS / PODE";"1";"Eleito";"176812";"0";"3956457";"4,47";"07/12/2018 12:11:45"
"PA";"Deputado Federal";"1515";"ELCIONE THEREZINHA ZAHLUTH BARBALHO";"ELCIONE";"MDB";"MDB / PSD / PR / PP / PTB / PSC / PSL / PRB / PMB / PHS / PODE";"1";"Eleito";"165202";"0";"3956457";"4,18";"07/12/2018 12:11:45"
"PA";"Deputado Federal";"1010";"WAGNER BACH MARTINS";"VAVÁ MARTINS";"PRB";"MDB / PSD / PR / PP / PTB / PSC / PSL / PRB / PMB / PHS / PODE";"1";"Eleito";"158717";"0";"3956457";"4,01";"07/12/2018 12:11:45"
"PA";"Deputado Federal";"1555";"JOSÉ BENITO PRIANTE JUNIOR";"PRIANTE";"MDB";"MDB / PSD / PR / PP / PTB / PSC / PSL / PRB / PMB / PHS / PODE";"1";"Eleito";"154647";"0";"3956457";"3,91";"07/12/2018 12:11:45"
"PA";"Deputado Federal";"4590";"NILSON PINTO DE OLIVEIRA";"NILSON PINTO";"PSDB";"PSDB / DEM / PSB / PDT / SOLIDARIEDADE / PPS / PMN";"1";"Eleito";"148972";"0";"3956457";"3,77";"07/12/2018 12:11:45"
"PA";"Deputado Federal";"5588";"JOÃO FERRARI JUNIOR";"JÚNIOR FERRARI";"PSD";"MDB / PSD / PR / PP / PTB / PSC / PSL / PRB / PMB / PHS / PODE";"1";"Eleito";"146678";"0";"3956457";"3,71";"07/12/2018 12:11:45"
"PA";"Deputado Federal";"4567";"CELSO SABINO DE OLIVEIRA";"CELSO SABINO";"PSDB";"PSDB / DEM / PSB / PDT / SOLIDARIEDADE / PPS / PMN";"1";"Eleito";"146288";"0";"3956457";"3,7";"07/12/2018 12:11:45"
"PA";"Deputado Federal";"5500";"ÉDER MAURO CARDOSO BARRA";"DELEGADO ÉDER MAURO";"PSD";"MDB / PSD / PR / PP / PTB / PSC / PSL / PRB / PMB / PHS / PODE";"1";"Eleito";"145653";"0";"3956457";"3,68";"07/12/2018 12:11:45"
"PA";"Deputado Federal";"1313";"JOSE ROBERTO OLIVEIRA FARO";"BETO FARO";"PT";"PT / PC do B";"1";"Eleito";"143822";"0";"3956457";"3,64";"07/12/2018 12:11:45"
"PA";"Deputado Federal";"2500";"OLIVAL HENRIQUE MARQUES DE SOUZA";"OLIVAL MARQUES";"DEM";"PSDB / DEM / PSB / PDT / SOLIDARIEDADE / PPS / PMN";"1";"Eleito";"135398";"0";"3956457";"3,42";"07/12/2018 12:11:45"
"PA";"Deputado Federal";"4011";"CÁSSIO COELHO ANDRADE";"CÁSSIO ANDRADE";"PSB";"PSDB / DEM / PSB / PDT / SOLIDARIEDADE / PPS / PMN";"1";"Eleito";"130768";"0";"3956457";"3,31";"07/12/2018 12:11:45"
"PA";"Deputado Federal";"1321";"AIRTON LUIZ FALEIRO";"AIRTON FALEIRO";"PT";"PT / PC do B";"1";"Eleito";"106965";"0";"3956457";"2,7";"07/12/2018 12:11:45"
"PA";"Deputado Federal";"2525";"HÉLIO LEITE DA SILVA";"HÉLIO LEITE";"DEM";"PSDB / DEM / PSB / PDT / SOLIDARIEDADE / PPS / PMN";"1";"Eleito";"102554";"0";"3956457";"2,59";"07/12/2018 12:11:45"
"PA";"Deputado Federal";"1456";"PAULO EDUARDO MAESTRI BENGTSON";"PAULO BENGTSON";"PTB";"MDB / PSD / PR / PP / PTB / PSC / PSL / PRB / PMB / PHS / PODE";"1";"Eleito";"96722";"0";"3956457";"2,44";"07/12/2018 12:11:45"
"PA";"Deputado Federal";"5555";"JOAQUIM PASSARINHO PINTO DE SOUZA PORTO";"JOAQUIM PASSARINHO";"PSD";"MDB / PSD / PR / PP / PTB / PSC / PSL / PRB / PMB / PHS / PODE";"1";"Eleito";"95582";"0";"3956457";"2,42";"07/12/2018 12:11:45"
"PA";"Deputado Federal";"1444";"JOSE EDUARDO PEREIRA DA COSTA";"EDUARDO COSTA";"PTB";"MDB / PSD / PR / PP / PTB / PSC / PSL / PRB / PMB / PHS / PODE";"1";"Eleito";"75346";"0";"3956457";"1,9";"07/12/2018 12:11:45"
"PB";"Deputado Federal";"4040";"GERVÁSIO AGRIPINO MAIA";"GERVÁSIO MAIA";"PSB";"PSB / PTB / PRB / PT / DEM / PDT / PC do B / PODE";"1";"Eleito";"146860";"0";"1989377";"7,38";"10/12/2018 14:13:12"
"PB";"Deputado Federal";"1111";"AGUINALDO VELLOSO BORGES RIBEIRO";"AGUINALDO RIBEIRO";"PP";"PP / PTC / PHS / PPL";"1";"Eleito";"120220";"0";"1989377";"6,04";"10/12/2018 14:13:12"
"PB";"Deputado Federal";"2222";"JOSÉ WELLINGTON ROBERTO";"WELLINGTON ROBERTO";"PR";"MDB / PR / PATRI";"1";"Eleito";"107465";"0";"1989377";"5,4";"10/12/2018 14:13:12"
"PB";"Deputado Federal";"1212";"DAMIÃO FELICIANO DA SILVA";"DR DAMIÃO";"PDT";"PSB / PTB / PRB / PT / DEM / PDT / PC do B / PODE";"1";"Eleito";"100876";"0";"1989377";"5,07";"10/12/2018 14:13:12"
"PB";"Deputado Federal";"1011";"HUGO MOTTA WANDERLEY DA NÓBREGA";"HUGO";"PRB";"PSB / PTB / PRB / PT / DEM / PDT / PC do B / PODE";"1";"Eleito";"92468";"0";"1989377";"4,65";"10/12/2018 14:13:12"
"PB";"Deputado Federal";"1345";"ANTONIO RIBEIRO";"FREI ANASTACIO";"PT";"PSB / PTB / PRB / PT / DEM / PDT / PC do B / PODE";"1";"Eleito";"91408";"0";"1989377";"4,59";"10/12/2018 14:13:12"
"PB";"Deputado Federal";"1411";"JOSÉ WILSON SANTIAGO";"WILSON SANTIAGO";"PTB";"PSB / PTB / PRB / PT / DEM / PDT / PC do B / PODE";"1";"Eleito";"86208";"0";"1989377";"4,33";"10/12/2018 14:13:12"
"PB";"Deputado Federal";"4510";"PEDRO OLIVEIRA CUNHA LIMA";"PEDRO CUNHA LIMA";"PSDB";"PV / PSDB / PSD / PSC / SOLIDARIEDADE";"1";"Eleito";"76754";"0";"1989377";"3,86";"10/12/2018 14:13:12"
"PB";"Deputado Federal";"2511";"EFRAIM DE ARAUJO MORAIS FILHO";"EFRAIM FILHO";"DEM";"PSB / PTB / PRB / PT / DEM / PDT / PC do B / PODE";"1";"Eleito";"76089";"0";"1989377";"3,82";"10/12/2018 14:13:12"
"PB";"Deputado Federal";"1717";"GULLIEM CHARLES BEZERRA LEMOS";"JULIAN LEMOS";"PSL";"PSL / DC / PRTB";"1";"Eleito";"71899";"0";"1989377";"3,61";"10/12/2018 14:13:12"
"PB";"Deputado Federal";"4500";"EDNACE ALVES SILVESTRE HENRIQUE";"EDNA HENRIQUE";"PSDB";"PV / PSDB / PSD / PSC / SOLIDARIEDADE";"1";"Eleito";"69935";"0";"1989377";"3,52";"10/12/2018 14:13:12"
"PB";"Deputado Federal";"4567";"RUY MANUEL CARNEIRO BARBOSA DE AÇA BELCHIOR";"RUY CARNEIRO";"PSDB";"PV / PSDB / PSD / PSC / SOLIDARIEDADE";"1";"Eleito";"61259";"0";"1989377";"3,08";"10/12/2018 14:13:12"
"PE";"Deputado Federal";"4040";"JOÃO HENRIQUE DE ANDRADE LIMA CAMPOS";"JOÃO CAMPOS";"PSB";"PSB / PC do B / MDB / PSD";"1";"Eleito";"460387";"0";"4331764";"10,63";"07/11/2018 16:15:05"
"PE";"Deputado Federal";"1310";"MARÍLIA VALENÇA ROCHA ARRAES DE ALENCAR";"MARÍLIA ARRAES";"PT";"PT";"1";"Eleito";"193108";"0";"4331764";"4,46";"07/11/2018 16:15:05"
"PE";"Deputado Federal";"2020";"ANDRE FERREIRA RODRIGUES";"ANDRE FERREIRA";"PSC";"PTB / DEM / PSDB / PSC / PRB / PODE / PPS";"1";"Eleito";"175834";"0";"4331764";"4,06";"07/11/2018 16:15:05"
"PE";"Deputado Federal";"2233";"SEBASTIÃO IGNACIO DE OLIVEIRA JUNIOR";"SEBASTIÃO OLIVEIRA";"PR";"PP / PR / SOLIDARIEDADE / PMN";"1";"Eleito";"129978";"0";"4331764";"3";"07/11/2018 16:15:05"
"PE";"Deputado Federal";"5151";"FRANCISCO EURICO DA SILVA";"PASTOR EURICO";"PATRI";"PATRI";"1";"Eleito";"125025";"0";"4331764";"2,89";"07/11/2018 16:15:05"
"PE";"Deputado Federal";"5555";"ANDRE CARLOS ALVES DE PAULA FILHO";"ANDRE DE PAULA";"PSD";"PSB / PC do B / MDB / PSD";"1";"Eleito";"118641";"0";"4331764";"2,74";"07/11/2018 16:15:05"
"PE";"Deputado Federal";"1717";"LUCIANO CALDAS BIVAR";"LUCIANO BIVAR";"PSL";"PSL / PRTB / PHS / PV";"1";"Eleito";"117943";"0";"4331764";"2,72";"07/11/2018 16:15:05"
"PE";"Deputado Federal";"4004";"FELIPE AUGUSTO LYRA CARRERAS";"FELIPE CARRERAS";"PSB";"PSB / PC do B / MDB / PSD";"1";"Eleito";"114268";"0";"4331764";"2,64";"07/11/2018 16:15:05"
"PE";"Deputado Federal";"1111";"EDUARDO HENRIQUE DA FONTE DE ALBUQUERQUE SILVA";"EDUARDO DA FONTE";"PP";"PP / PR / SOLIDARIEDADE / PMN";"1";"Eleito";"113640";"0";"4331764";"2,62";"07/11/2018 16:15:05"
"PE";"Deputado Federal";"1010";"SILVIO SERAFIM COSTA FILHO";"SILVIO COSTA FILHO";"PRB";"PTB / DEM / PSDB / PSC / PRB / PODE / PPS";"1";"Eleito";"109185";"0";"4331764";"2,52";"07/11/2018 16:15:05"
"PE";"Deputado Federal";"2323";"DANIEL PIRES COELHO";"DANIEL COELHO";"PPS";"PTB / DEM / PSDB / PSC / PRB / PODE / PPS";"1";"Eleito";"97745";"0";"4331764";"2,26";"07/11/2018 16:15:05"
"PE";"Deputado Federal";"2501";"FERNANDO BEZERRA DE SOUZA COELHO FILHO";"FERNANDO FILHO";"DEM";"PTB / DEM / PSDB / PSC / PRB / PODE / PPS";"1";"Eleito";"92188";"0";"4331764";"2,13";"07/11/2018 16:15:05"
"PE";"Deputado Federal";"4010";"DANILO JORGE DE BARROS CABRAL";"DANILO CABRAL";"PSB";"PSB / PC do B / MDB / PSD";"1";"Eleito";"91635";"0";"4331764";"2,12";"07/11/2018 16:15:05"
"PE";"Deputado Federal";"1515";"RAUL JEAN LOUIS HENRY JUNIOR";"RAUL HENRY";"MDB";"PSB / PC do B / MDB / PSD";"1";"Eleito";"87585";"0";"4331764";"2,02";"07/11/2018 16:15:05"
"PE";"Deputado Federal";"1234";"WOLNEY QUEIROZ MACIEL";"WOLNEY QUEIROZ";"PDT";"PROS / AVANTE / PDT";"1";"Eleito";"82592";"0";"4331764";"1,91";"07/11/2018 16:15:05"
"PE";"Deputado Federal";"1190";"FERNANDO MONTEIRO DE ALBUQUERQUE";"FERNANDO MONTEIRO";"PP";"PP / PR / SOLIDARIEDADE / PMN";"1";"Eleito";"82071";"0";"4331764";"1,89";"07/11/2018 16:15:05"
"PE";"Deputado Federal";"4000";"LUIZ GONZAGA PATRIOTA";"GONZAGA PATRIOTA";"PSB";"PSB / PC do B / MDB / PSD";"1";"Eleito";"80498";"0";"4331764";"1,86";"07/11/2018 16:15:05"
"PE";"Deputado Federal";"7777";"AUGUSTO RODRIGUES COUTINHO DE MELO";"AUGUSTO COUTINHO";"SOLIDARIEDADE";"PP / PR / SOLIDARIEDADE / PMN";"1";"Eleito";"77817";"0";"4331764";"1,8";"07/11/2018 16:15:05"
"PE";"Deputado Federal";"1212";"TÚLIO GADELHA SALES DE MELO";"TÚLIO GADÊLHA";"PDT";"PROS / AVANTE / PDT";"1";"Eleito";"75642";"0";"4331764";"1,75";"07/11/2018 16:15:05"
"PE";"Deputado Federal";"1919";"RICARDO TEOBALDO CAVALCANTI";"RICARDO TEOBALDO";"PODE";"PTB / DEM / PSDB / PSC / PRB / PODE / PPS";"1";"Eleito";"73551";"0";"4331764";"1,7";"07/11/2018 16:15:05"
"PE";"Deputado Federal";"1314";"JOSÉ CARLOS VERAS DOS SANTOS";"CARLOS VERAS";"PT";"PT";"1";"Eleito";"72005";"0";"4331764";"1,66";"07/11/2018 16:15:05"
"PE";"Deputado Federal";"1012";"OSSESIO JOSE DA SILVA";"BISPO OSSESIO";"PRB";"PTB / DEM / PSDB / PSC / PRB / PODE / PPS";"1";"Eleito";"65939";"0";"4331764";"1,52";"07/11/2018 16:15:05"
"PE";"Deputado Federal";"6513";"RENILDO VASCONCELOS CALHEIROS";"RENILDO CALHEIROS";"PC do B";"PSB / PC do B / MDB / PSD";"1";"Eleito";"57919";"0";"4331764";"1,34";"07/11/2018 16:15:05"
"PE";"Deputado Federal";"4020";"FRANCISCO TADEU BARBOSA DE ALENCAR";"TADEU ALENCAR";"PSB";"PSB / PC do B / MDB / PSD";"1";"Eleito";"53597";"0";"4331764";"1,24";"07/11/2018 16:15:05"
"PE";"Deputado Federal";"3131";"FERNANDO RODOLFO TENORIO DE VASCONCELOS";"FERNANDO RODOLFO";"PHS";"PSL / PRTB / PHS / PV";"1";"Eleito";"52824";"0";"4331764";"1,22";"07/11/2018 16:15:05"
"PI";"Deputado Federal";"1311";"REJANE RIBEIRO SOUSA DIAS";"REJANE DIAS";"PT";"MDB / PP / PTB / PC do B / PR / PDT / PSD / PT";"1";"Eleito";"138800";"0";"1787802";"7,76";"08/10/2018 00:23:40"
"PI";"Deputado Federal";"2222";"FÁBIO ABREU COSTA";"CAPITÃO FÁBIO ABREU";"PR";"MDB / PP / PTB / PC do B / PR / PDT / PSD / PT";"1";"Eleito";"132719";"0";"1787802";"7,42";"08/10/2018 00:23:40"
"PI";"Deputado Federal";"1313";"FRANCISCO DE ASSIS CARVALHO GONÇALVES";"ASSIS CARVALHO";"PT";"MDB / PP / PTB / PC do B / PR / PDT / PSD / PT";"1";"Eleito";"129623";"0";"1787802";"7,25";"08/10/2018 00:23:40"
"PI";"Deputado Federal";"1212";"FLAVIO RODRIGUES NOGUEIRA";"FLAVIO NOGUEIRA";"PDT";"MDB / PP / PTB / PC do B / PR / PDT / PSD / PT";"1";"Eleito";"111672";"0";"1787802";"6,25";"08/10/2018 00:23:40"
"PI";"Deputado Federal";"5555";"JULIO CESAR DE CARVALHO LIMA";"JÚLIO CESAR";"PSD";"MDB / PP / PTB / PC do B / PR / PDT / PSD / PT";"1";"Eleito";"110804";"0";"1787802";"6,2";"08/10/2018 00:23:40"
"PI";"Deputado Federal";"1111";"IRACEMA MARIA PORTELLA NUNES NOGUEIRA LIMA";"IRACEMA PORTELLA";"PP";"MDB / PP / PTB / PC do B / PR / PDT / PSD / PT";"1";"Eleito";"96277";"0";"1787802";"5,39";"08/10/2018 00:23:40"
"PI";"Deputado Federal";"1122";"MARGARETE DE CASTRO COELHO";"MARGARETE COELHO";"PP";"MDB / PP / PTB / PC do B / PR / PDT / PSD / PT";"1";"Eleito";"76338";"0";"1787802";"4,27";"08/10/2018 00:23:40"
"PI";"Deputado Federal";"1515";"MARCOS AURELIO PADUA RIBEIRO GONÇALVES DE SAMPAIO";"MARCOS AURELIO SAMPAIO";"MDB";"MDB / PP / PTB / PC do B / PR / PDT / PSD / PT";"1";"Eleito";"73302";"0";"1787802";"4,1";"08/10/2018 00:23:40"
"PI";"Deputado Federal";"3636";"MARINA SANTOS BATISTA DIAS";"DRA. MARINA";"PTC";"PMN / PRB / SOLIDARIEDADE / PPL / PTC";"1";"Eleito";"70828";"0";"1787802";"3,96";"08/10/2018 00:23:40"
"PI";"Deputado Federal";"4040";"ÁTILA FREITAS LIRA";"ÁTILA LIRA";"PSB";"PSDB / PSB / DEM";"1";"Eleito";"54095";"0";"1787802";"3,03";"08/10/2018 00:23:40"
"PR";"Deputado Federal";"5590";"GILSON CARDOSO FAHUR";"SARGENTO FAHUR";"PSD";"PSD / PSC / PR / PPS / PODE";"1";"Eleito";"314963";"0";"5731922";"5,49";"07/10/2018 22:37:32"
"PR";"Deputado Federal";"1777";"LUIS FELIPE BONATTO FRANCISCHINI";"FELIPE FRANCISCHINI";"PSL";"PSL / PTC / PATRI";"1";"Eleito";"241537";"0";"5731922";"4,21";"07/10/2018 22:37:32"
"PR";"Deputado Federal";"1313";"GLEISI HELENA HOFFMANN";"GLEISI LULA";"PT";"PT";"1";"Eleito";"212513";"0";"5731922";"3,71";"07/10/2018 22:37:32"
"PR";"Deputado Federal";"1080";"LUIZ GOULARTE ALVES";"LUIZÃO GOULART";"PRB";"PRB / PHS / AVANTE";"1";"Eleito";"141730";"0";"5731922";"2,47";"07/10/2018 22:37:32"
"PR";"Deputado Federal";"5555";"SANDRO ALEX CRUZ DE OLIVEIRA";"SANDRO ALEX";"PSD";"PSD / PSC / PR / PPS / PODE";"1";"Eleito";"124512";"0";"5731922";"2,17";"07/10/2018 22:37:32"
"PR";"Deputado Federal";"4300";"LEANDRE DAL PONTE";"LEANDRE";"PV";"PV";"1";"Eleito";"123958";"0";"5731922";"2,16";"07/10/2018 22:37:32"
"PR";"Deputado Federal";"2020";"PAULO EDUARDO LIMA MARTINS";"PAULO MARTINS";"PSC";"PSD / PSC / PR / PPS / PODE";"1";"Eleito";"118754";"0";"5731922";"2,07";"07/10/2018 22:37:32"
"PR";"Deputado Federal";"1234";"GUSTAVO BONATO FRUET";"GUSTAVO FRUET";"PDT";"MDB / PDT / SOLIDARIEDADE / PC do B";"1";"Eleito";"113252";"0";"5731922";"1,98";"07/10/2018 22:37:32"
"PR";"Deputado Federal";"2200";"FERNANDO LUCIO GIACOBO";"GIACOBO";"PR";"PSD / PSC / PR / PPS / PODE";"1";"Eleito";"111384";"0";"5731922";"1,94";"07/10/2018 22:37:32"
"PR";"Deputado Federal";"1540";"HERMES PARCIANELLO";"HERMES FRANGÃO PARCIANELLO";"MDB";"MDB / PDT / SOLIDARIEDADE / PC do B";"1";"Eleito";"110717";"0";"5731922";"1,93";"07/10/2018 22:37:32"
"PR";"Deputado Federal";"2233";"CHRISTIANE DE SOUZA YARED";"CHRISTIANE YARED";"PR";"PSD / PSC / PR / PPS / PODE";"1";"Eleito";"107636";"0";"5731922";"1,88";"07/10/2018 22:37:32"
"PR";"Deputado Federal";"1919";"DIEGO ALEXSANDER GONÇALO PAULA GARCIA";"DIEGO GARCIA";"PODE";"PSD / PSC / PR / PPS / PODE";"1";"Eleito";"103154";"0";"5731922";"1,8";"07/10/2018 22:37:32"
"PR";"Deputado Federal";"4040";"LUCIANO DUCCI";"LUCIANO DUCCI";"PSB";"PP / PTB / DEM / PMN / PMB / PSB / PSDB / PROS";"1";"Eleito";"98214";"0";"5731922";"1,71";"07/10/2018 22:37:32"
"PR";"Deputado Federal";"4012";"ALIEL MACHADO BARK";"ALIEL MACHADO";"PSB";"PP / PTB / DEM / PMN / PMB / PSB / PSDB / PROS";"1";"Eleito";"95386";"0";"5731922";"1,66";"07/10/2018 22:37:32"
"PR";"Deputado Federal";"1512";"SERGIO DE SOUZA";"SÉRGIO SOUZA";"MDB";"MDB / PDT / SOLIDARIEDADE / PC do B";"1";"Eleito";"94077";"0";"5731922";"1,64";"07/10/2018 22:37:32"
"PR";"Deputado Federal";"5569";"NEY LEPREVOST NETO";"NEY LEPREVOST";"PSD";"PSD / PSC / PR / PPS / PODE";"1";"Eleito";"92399";"0";"5731922";"1,61";"07/10/2018 22:37:32"
"PR";"Deputado Federal";"2505";"PEDRO DEBONI LUPION MELLO";"PEDRO LUPION";"DEM";"PP / PTB / DEM / PMN / PMB / PSB / PSDB / PROS";"1";"Eleito";"92300";"0";"5731922";"1,61";"07/10/2018 22:37:32"
"PR";"Deputado Federal";"1414";"LUISA DOS SANTOS SILVEIRA";"LUISA CANZIANI";"PTB";"PP / PTB / DEM / PMN / PMB / PSB / PSDB / PROS";"1";"Eleito";"90249";"0";"5731922";"1,57";"07/10/2018 22:37:32"
"PR";"Deputado Federal";"9000";"EMERSON MIGUEL PETRIV";"BOCA ABERTA";"PROS";"PP / PTB / DEM / PMN / PMB / PSB / PSDB / PROS";"1";"Eleito";"90158";"0";"5731922";"1,57";"07/10/2018 22:37:32"
"PR";"Deputado Federal";"1151";"RICARDO JOSE MAGALHÃES BARROS";"RICARDO BARROS";"PP";"PP / PTB / DEM / PMN / PMB / PSB / PSDB / PROS";"1";"Eleito";"80025";"0";"5731922";"1,4";"07/10/2018 22:37:32"
"PR";"Deputado Federal";"1310";"JOSE CARLOS BECKER DE OLIVEIRA E SILVA";"ZECA DIRCEU";"PT";"PT";"1";"Eleito";"77306";"0";"5731922";"1,35";"07/10/2018 22:37:32"
"PR";"Deputado Federal";"2300";"RUBENS BUENO";"RUBENS BUENO";"PPS";"PSD / PSC / PR / PPS / PODE";"1";"Eleito";"76471";"0";"5731922";"1,33";"07/10/2018 22:37:32"
"PR";"Deputado Federal";"1122";"JOSE CARLOS SCHIAVINATO";"SCHIAVINATO";"PP";"PP / PTB / DEM / PMN / PMB / PSB / PSDB / PROS";"1";"Eleito";"75540";"0";"5731922";"1,32";"07/10/2018 22:37:32"
"PR";"Deputado Federal";"1700";"FILIPE BARROS BAPTISTA DE TOLEDO RIBEIRO";"FILIPE BARROS";"PSL";"PSL / PTC / PATRI";"1";"Eleito";"75326";"0";"5731922";"1,31";"07/10/2018 22:37:32"
"PR";"Deputado Federal";"2222";"LUIZ HILOSHI NISHIMORI";"LUIZ NISHIMORI";"PR";"PSD / PSC / PR / PPS / PODE";"1";"Eleito";"73344";"0";"5731922";"1,28";"07/10/2018 22:37:32"
"PR";"Deputado Federal";"9090";"ANTONIO WANDSCHEER";"TONINHO WANDSCHEER";"PROS";"PP / PTB / DEM / PMN / PMB / PSB / PSDB / PROS";"1";"Eleito";"72475";"0";"5731922";"1,26";"07/10/2018 22:37:32"
"PR";"Deputado Federal";"5577";"NELSI COGUETTO MARIA";"VERMELHO";"PSD";"PSD / PSC / PR / PPS / PODE";"1";"Eleito";"70001";"0";"5731922";"1,22";"07/10/2018 22:37:32"
"PR";"Deputado Federal";"1330";"ENIO JOSÉ VERRI";"ENIO VERRI";"PT";"PT";"1";"Eleito";"62169";"0";"5731922";"1,08";"07/10/2018 22:37:32"
"PR";"Deputado Federal";"1010";"JOSE AROLDO SOUZA MARTINS";"AROLDO MARTINS";"PRB";"PRB / PHS / AVANTE";"1";"Eleito";"52572";"0";"5731922";",92";"07/10/2018 22:37:32"
"PR";"Deputado Federal";"1717";"ALINE SLEUTJES";"ALINE SLEUTJES";"PSL";"PSL / PTC / PATRI";"1";"Eleito";"33628";"0";"5731922";",59";"07/10/2018 22:37:32"
"RJ";"Deputado Federal";"1720";"HELIO FERNANDO BARBOSA LOPES";"HELIO FERNANDO BARBOSA LOPES";"PSL";"PSL";"1";"Eleito";"345234";"0";"7733626";"4,46";"30/04/2019 15:24:48"
"RJ";"Deputado Federal";"5050";"MARCELO RIBEIRO FREIXO";"MARCELO FREIXO";"PSOL";"PSOL / PCB";"1";"Eleito";"342491";"0";"7733626";"4,43";"30/04/2019 15:24:48"
"RJ";"Deputado Federal";"4040";"ALESSANDRO LUCCIOLA MOLON";"ALESSANDRO MOLON";"PSB";"PDT / PSB";"1";"Eleito";"227914";"0";"7733626";"2,95";"30/04/2019 15:24:48"
"RJ";"Deputado Federal";"1777";"CARLOS ROBERTO COELHO DE MATTOS JÚNIOR";"CARLOS JORDY";"PSL";"PSL";"1";"Eleito";"204048";"0";"7733626";"2,64";"30/04/2019 15:24:48"
"RJ";"Deputado Federal";"5593";"FLORDELIS DOS SANTOS DE SOUZA";"FLORDELIS";"PSD";"PSD";"1";"Eleito";"196959";"0";"7733626";"2,55";"30/04/2019 15:24:48"
"RJ";"Deputado Federal";"1545";"DANIELA MOTE DE SOUZA CARNEIRO";"DANIELA DO WAGUINHO";"MDB";"DEM / MDB / PP / PTB";"1";"Eleito";"136286";"0";"7733626";"1,76";"30/04/2019 15:24:48"
"RJ";"Deputado Federal";"2050";"OTONI MOURA DE PAULO JUNIOR";"OTONI DE PAULA";"PSC";"PSC / PROS";"1";"Eleito";"120498";"0";"7733626";"1,56";"30/04/2019 15:24:48"
"RJ";"Deputado Federal";"1717";"LUIZ EDUARDO CARNEIRO DA SILVA DE SOUZA LIMA";"LUIZ LIMA ";"PSL";"PSL";"1";"Eleito";"115119";"0";"7733626";"1,49";"30/04/2019 15:24:48"
"RJ";"Deputado Federal";"5077";"TALIRIA PETRONE SOARES";"TALÍRIA PETRONE";"PSOL";"PSOL / PCB";"1";"Eleito";"107317";"0";"7733626";"1,39";"30/04/2019 15:24:48"
"RJ";"Deputado Federal";"1793";"ANTÔNIO DA LUZ FURTADO";"DELEGADO ANTÔNIO FURTADO";"PSL";"PSL";"1";"Eleito";"104211";"0";"7733626";"1,35";"30/04/2019 15:24:48"
"RJ";"Deputado Federal";"1177";"LUIZ ANTONIO DE SOUZA TEIXEIRA JÚNIOR";"DR. LUIZINHO";"PP";"DEM / MDB / PP / PTB";"1";"Eleito";"103745";"0";"7733626";"1,34";"30/04/2019 15:24:48"
"RJ";"Deputado Federal";"2577";"SÓSTENES SILVA CAVALCANTE";"SÓSTENES";"DEM";"DEM / MDB / PP / PTB";"1";"Eleito";"94203";"0";"7733626";"1,22";"30/04/2019 15:24:48"
"RJ";"Deputado Federal";"2587";"RODRIGO FELINTO IBARRA EPITÁCIO MAIA";"RODRIGO MAIA";"DEM";"DEM / MDB / PP / PTB";"1";"Eleito";"74232";"0";"7733626";",96";"30/04/2019 15:24:48"
"RJ";"Deputado Federal";"6565";"JANDIRA FEGHALI";"JANDIRA FEGHALI";"PC do B";"PT / PC do B";"1";"Eleito";"71646";"0";"7733626";",93";"30/04/2019 15:24:48"
"RJ";"Deputado Federal";"7733";"AUREO LIDIO MOREIRA RIBEIRO";"AUREO";"SOLIDARIEDADE";"SOLIDARIEDADE / PSDB / PPS";"1";"Eleito";"68414";"0";"7733626";",88";"30/04/2019 15:24:48"
"RJ";"Deputado Federal";"1010";"WAGNER MONTES DOS SANTOS";"WAGNER MONTES";"PRB";"PRB";"1";"Eleito";"65868";"0";"7733626";",85";"30/04/2019 15:24:48"
"RJ";"Deputado Federal";"1033";"ROSANGELA DE SOUZA GOMES ";"ROSANGELA GOMES ";"PRB";"PRB";"1";"Eleito";"63952";"0";"7733626";",83";"30/04/2019 15:24:48"
"RJ";"Deputado Federal";"5510";"HUGO LEAL MELO DA SILVA";"HUGO LEAL";"PSD";"PSD";"1";"Eleito";"63561";"0";"7733626";",82";"30/04/2019 15:24:48"
"RJ";"Deputado Federal";"1798";"JOÃO CARLOS SOARES GURGEL";"SARGENTO GURGEL";"PSL";"PSL";"1";"Eleito";"62089";"0";"7733626";",8";"30/04/2019 15:24:48"
"RJ";"Deputado Federal";"1515";"VINICIUS MEDEIROS FARAH";"VINÍCIUS FARAH";"MDB";"DEM / MDB / PP / PTB";"1";"Eleito";"57707";"0";"7733626";",75";"30/04/2019 15:24:48"
"RJ";"Deputado Federal";"1746";"FABIANA SILVA DE SOUZA";"MAJOR FABIANA";"PSL";"PSL";"1";"Eleito";"57611";"0";"7733626";",74";"30/04/2019 15:24:48"
"RJ";"Deputado Federal";"2501";"PEDRO PAULO CARVALHO TEIXEIRA";"PEDRO PAULO";"DEM";"DEM / MDB / PP / PTB";"1";"Eleito";"56646";"0";"7733626";",73";"30/04/2019 15:24:48"
"RJ";"Deputado Federal";"2269";"ALTINEU CORTES FREITAS COUTINHO";"ALTINEU CORTES";"PR";"PODE / PR";"1";"Eleito";"55367";"0";"7733626";",72";"30/04/2019 15:24:48"
"RJ";"Deputado Federal";"1516";"GUTEMBERG REIS DE OLIVEIRA";"GUTEMBERG REIS";"MDB";"DEM / MDB / PP / PTB";"1";"Eleito";"54573";"0";"7733626";",71";"30/04/2019 15:24:48"
"RJ";"Deputado Federal";"3030";"PAULO GUSTAVO GANIME ALVES TEIXEIRA";"PAULO GANIME";"NOVO";"NOVO";"1";"Eleito";"52983";"0";"7733626";",69";"30/04/2019 15:24:48"
"RJ";"Deputado Federal";"2323";"MARCELO CALERO FARIA GARCIA";"MARCELO CALERO";"PPS";"SOLIDARIEDADE / PSDB / PPS";"1";"Eleito";"50533";"0";"7733626";",65";"30/04/2019 15:24:48"
"RJ";"Deputado Federal";"2727";"LUIZ ANTONIO DA COSTA CARVALHO CORREA DA SILVA";"LUIZ ANTÔNIO";"DC";"PV / DC";"1";"Eleito";"50284";"0";"7733626";",65";"30/04/2019 15:24:48"
"RJ";"Deputado Federal";"2222";"SORAYA ALENCAR DOS SANTOS";"SORAYA SANTOS";"PR";"PODE / PR";"1";"Eleito";"48328";"0";"7733626";",62";"30/04/2019 15:24:48"
"RJ";"Deputado Federal";"1155";"CHRISTINO ÁUREO DA SILVA";"CHRISTINO AUREO";"PP";"DEM / MDB / PP / PTB";"1";"Eleito";"47101";"0";"7733626";",61";"30/04/2019 15:24:48"
"RJ";"Deputado Federal";"1767";"FELÍCIO LATERÇA DE ALMEIDA";"FELÍCIO LATERÇA";"PSL";"PSL";"1";"Eleito";"47065";"0";"7733626";",61";"30/04/2019 15:24:48"
"RJ";"Deputado Federal";"1752";"MÁRCIO DA SILVEIRA LABRE";"MÁRCIO LABRE";"PSL";"PSL";"1";"Eleito";"46934";"0";"7733626";",61";"30/04/2019 15:24:48"
"RJ";"Deputado Federal";"2500";"ROGERIO TEIXEIRA JUNIOR";"JUNINHO DO PNEU";"DEM";"DEM / MDB / PP / PTB";"1";"Eleito";"45087";"0";"7733626";",58";"30/04/2019 15:24:48"
"RJ";"Deputado Federal";"1377";"BENEDITA SOUZA DA SILVA SAMPAIO ";"BENEDITA DA SILVA ";"PT";"PT / PC do B";"1";"Eleito";"44804";"0";"7733626";",58";"30/04/2019 15:24:48"
"RJ";"Deputado Federal";"1789";"LOURIVAL GOMES DE ALMEIDA";"LOURIVAL GOMES";"PSL";"PSL";"1";"Eleito";"41307";"0";"7733626";",53";"30/04/2019 15:24:48"
"RJ";"Deputado Federal";"5080";"GLAUBER DE MEDEIROS BRAGA";"GLAUBER BRAGA";"PSOL";"PSOL / PCB";"1";"Eleito";"40199";"0";"7733626";",52";"30/04/2019 15:24:48"
"RJ";"Deputado Federal";"4488";"WLADIMIR BARROS ASSED MATHEUS DE OLIVEIRA";"WLADIMIR GAROTINHO";"PRP";"PRP";"1";"Eleito";"39398";"0";"7733626";",51";"30/04/2019 15:24:48"
"RJ";"Deputado Federal";"1714";"CHRISTINE NOGUEIRA DOS REIS TONIETTO";"CHRIS TONIETTO";"PSL";"PSL";"1";"Eleito";"38525";"0";"7733626";",5";"30/04/2019 15:24:48"
"RJ";"Deputado Federal";"5570";"ALEXANDRE AUGUSTUS SERFIOTIS";"ALEXANDRE SERFIOTIS";"PSD";"PSD";"1";"Eleito";"37526";"0";"7733626";",49";"30/04/2019 15:24:48"
"RJ";"Deputado Federal";"9044";"CLARISSA GAROTINHO BARROS ASSED MATHEUS DE OLIVEIRA";"CLARISSA GARONTINHO";"PROS";"PSC / PROS";"1";"Eleito";"35131";"0";"7733626";",45";"30/04/2019 15:24:48"
"RJ";"Deputado Federal";"1716";"JOZIEL FERREIRA CARLOS";"PROFESSOR JOZIEL";"PSL";"PSL";"1";"Eleito";"34274";"0";"7733626";",44";"30/04/2019 15:24:48"
"RJ";"Deputado Federal";"1796";"DANIEL LUCIO DA SILVEIRA";"DANIEL SILVEIRA";"PSL";"PSL";"1";"Eleito";"31789";"0";"7733626";",41";"30/04/2019 15:24:48"
"RJ";"Deputado Federal";"3100";"GELSON DE AZEVEDO ALMEIDA";"GELSON AZEVEDO";"PHS";"PHS";"1";"Eleito";"28216";"0";"7733626";",36";"30/04/2019 15:24:48"
"RJ";"Deputado Federal";"1210";"FRANCISCO JOSE D'ANGELO PINTO";"CHICO D'ANGELO";"PDT";"PDT / PSB";"1";"Eleito";"26417";"0";"7733626";",34";"30/04/2019 15:24:48"
"RJ";"Deputado Federal";"7070";"JOÃO FRANCISCO INÁCIO BRAZÃO";"CHIQUINHO BRAZÃO";"AVANTE";"PMN / AVANTE";"1";"Eleito";"25817";"0";"7733626";",33";"30/04/2019 15:24:48"
"RJ";"Deputado Federal";"1234";"PAULO SERGIO RAMOS BARBOZA";"PAULO RAMOS";"PDT";"PDT / PSB";"1";"Eleito";"25557";"0";"7733626";",33";"30/04/2019 15:24:48"
"RJ";"Deputado Federal";"5005";"JEAN WYLLYS DE MATOS SANTOS";"JEAN WYLLYS";"PSOL";"PSOL / PCB";"1";"Eleito";"24295";"0";"7733626";",31";"30/04/2019 15:24:48"
"RN";"Deputado Federal";"3666";"LUIZ BENES LEOCADIO DE ARAUJO";"BENES LEOCADIO";"PTC";"PRB / PTB / PR / PPS / PMB / PTC / PSB / PSDB / PSD / AVANTE / PROS";"1";"Eleito";"125841";"0";"1618823";"7,77";"18/12/2018 12:38:35"
"RN";"Deputado Federal";"1311";"NATALIA BASTOS BONAVIDES";"NATALIA BONAVIDES";"PT";"PT / PC do B / PHS";"1";"Eleito";"112998";"0";"1618823";"6,98";"18/12/2018 12:38:35"
"RN";"Deputado Federal";"2222";"JOÃO DA SILVA MAIA";"JOÃO MAIA";"PR";"PRB / PTB / PR / PPS / PMB / PTC / PSB / PSDB / PSD / AVANTE / PROS";"1";"Eleito";"93505";"0";"1618823";"5,78";"18/12/2018 12:38:35"
"RN";"Deputado Federal";"4040";"RAFAEL HUETE DA MOTTA";"RAFAEL MOTTA";"PSB";"PRB / PTB / PR / PPS / PMB / PTC / PSB / PSDB / PSD / AVANTE / PROS";"1";"Eleito";"82791";"0";"1618823";"5,11";"18/12/2018 12:38:35"
"RN";"Deputado Federal";"1777";"ELIESER GIRAO MONTEIRO FILHO";"GENERAL GIRAO";"PSL";"SOLIDARIEDADE / PSL / DC / PV / PSC";"1";"Eleito";"81640";"0";"1618823";"5,04";"18/12/2018 12:38:35"
"RN";"Deputado Federal";"1511";"WALTER PEREIRA ALVES";"WALTER ALVES";"MDB";"PDT / PP / MDB / PODE / DEM";"1";"Eleito";"79333";"0";"1618823";"4,9";"18/12/2018 12:38:35"
"RN";"Deputado Federal";"1111";"CARLOS ALBERTO DE SOUSA ROSADO SEGUNDO";"BETO";"PP";"PDT / PP / MDB / PODE / DEM";"1";"Eleito";"71092";"0";"1618823";"4,39";"18/12/2018 12:38:35"
"RN";"Deputado Federal";"5555";"FÁBIO SALUSTINO MESQUITA DE FARIA";"FÁBIO FARIA";"PSD";"PRB / PTB / PR / PPS / PMB / PTC / PSB / PSDB / PSD / AVANTE / PROS";"1";"Eleito";"70350";"0";"1618823";"4,35";"18/12/2018 12:38:35"
"RO";"Deputado Federal";"1919";"LEONARDO BARRETO DE MORAES";"LÉO MORAES";"PODE";"MDB / PODE / PV";"1";"Eleito";"69565";"0";"783305";"8,88";"21/01/2019 15:34:37"
"RO";"Deputado Federal";"5555";"EXPEDITO GONÇALVES FERREIRA NETTO";"EXPEDITO NETTO";"PSD";"PSDB / DEM / PSD / PRB / PATRI";"1";"Eleito";"39953";"0";"783305";"5,1";"21/01/2019 15:34:37"
"RO";"Deputado Federal";"4545";"MARIANA FONSECA RIBEIRO CARVALHO DE MORAES";"MARIANA CARVALHO";"PSDB";"PSDB / DEM / PSD / PRB / PATRI";"1";"Eleito";"38776";"0";"783305";"4,95";"21/01/2019 15:34:37"
"RO";"Deputado Federal";"1555";"LUCIO ANTONIO MOSQUINI";"LUCIO MOSQUINI";"MDB";"MDB / PODE / PV";"1";"Eleito";"38630";"0";"783305";"4,93";"21/01/2019 15:34:37"
"RO";"Deputado Federal";"1111";"DIRLAINE JAQUELINE CASSOL";"JAQUELINE CASSOL";"PP";"PDT / PSB / PTB / SOLIDARIEDADE / PP / PR / DC / PTC";"1";"Eleito";"34193";"0";"783305";"4,37";"21/01/2019 15:34:37"
"RO";"Deputado Federal";"1234";"SILVIA CRISTINA AMANCIO CHAGAS";"SILVIA CRISTINA";"PDT";"PDT / PSB / PTB / SOLIDARIEDADE / PP / PR / DC / PTC";"1";"Eleito";"33038";"0";"783305";"4,22";"21/01/2019 15:34:37"
"RO";"Deputado Federal";"4040";"MAURO NAZIF RASUL";"DR. MAURO NAZIF";"PSB";"PDT / PSB / PTB / SOLIDARIEDADE / PP / PR / DC / PTC";"1";"Eleito";"30399";"0";"783305";"3,88";"21/01/2019 15:34:37"
"RO";"Deputado Federal";"1777";"JOAO CHRISÓSTOMO DE MOURA";"CORONEL CHRISÓSTOMO";"PSL";"PSL";"1";"Eleito";"28344";"0";"783305";"3,62";"21/01/2019 15:34:37"
"RR";"Deputado Federal";"5555";"HAROLDO ALVES CAMPOS";"HAROLDO CATHEDRAL";"PSD";"MDB / PSD / SOLIDARIEDADE / DC";"1";"Eleito";"14751";"0";"270708";"5,45";"10/10/2018 10:15:34"
"RR";"Deputado Federal";"1011";"JOHNATHAN PEREIRA DE JESUS";"JHONATAN DE JESUS";"PRB";"PSL / PRB / PTC / PSC";"1";"Eleito";"13429";"0";"270708";"4,96";"10/10/2018 10:15:34"
"RR";"Deputado Federal";"1111";"HIRAN MANUEL GONÇALVES DA SILVA";"DR. HIRAN GONÇALVES";"PP";"PP / PDT / PC do B";"1";"Eleito";"13299";"0";"270708";"4,91";"10/10/2018 10:15:34"
"RR";"Deputado Federal";"1717";"ANTONIO CARLOS NICOLETTI";"NICOLETTI";"PSL";"PSL / PRB / PTC / PSC";"1";"Eleito";"12969";"0";"270708";"4,79";"10/10/2018 10:15:34"
"RR";"Deputado Federal";"4545";"SHÉRIDAN ESTÉRFANY OLIVEIRA DE ANCHIETA";"SHÉRIDAN";"PSDB";"PPS / DEM / PSDB / PMB";"1";"Eleito";"12129";"0";"270708";"4,48";"10/10/2018 10:15:34"
"RR";"Deputado Federal";"2200";"EDIO VIEIRA LOPES";"EDIO LOPES";"PR";"PR / PRTB";"1";"Eleito";"11952";"0";"270708";"4,42";"10/10/2018 10:15:34"
"RR";"Deputado Federal";"7777";"JOSE OTACI BARROSO DO NASCIMENTO";"OTACI";"SOLIDARIEDADE";"MDB / PSD / SOLIDARIEDADE / DC";"1";"Eleito";"11879";"0";"270708";"4,39";"10/10/2018 10:15:34"
"RR";"Deputado Federal";"1818";"JOENIA BATISTA DE CARVALHO";"JOENIA WAPICHANA";"REDE";"PTB / REDE / PV / PT";"1";"Eleito";"8491";"0";"270708";"3,14";"10/10/2018 10:15:34"
"RS";"Deputado Federal";"3030";"MARCEL VAN HATTEM";"MARCEL VAN HATTEM";"NOVO";"NOVO";"1";"Eleito";"349855";"0";"5845077";"5,99";"12/07/2019 19:45:09"
"RS";"Deputado Federal";"2522";"ONYX DORNELLES LORENZONI";"ONYX LORENZONI";"DEM";"DEM / PROS / PSL";"1";"Eleito";"183518";"0";"5845077";"3,14";"12/07/2019 19:45:09"
"RS";"Deputado Federal";"2222";"GIOVANI CHERINI";"GIOVANI CHERINI";"PR";"PSB / PR / PATRI";"1";"Eleito";"151719";"0";"5845077";"2,6";"12/07/2019 19:45:09"
"RS";"Deputado Federal";"1307";"PAULO ROBERTO SEVERO PIMENTA";"PAULO PIMENTA";"PT";"PT";"1";"Eleito";"133086";"0";"5845077";"2,28";"12/07/2019 19:45:09"
"RS";"Deputado Federal";"1355";"DIONILSO MATEUS MARCON";"MARCON";"PT";"PT";"1";"Eleito";"122838";"0";"5845077";"2,1";"12/07/2019 19:45:09"
"RS";"Deputado Federal";"1208";"MARLON ARATOR SANTOS DA ROSA";"MARLON SANTOS";"PDT";"PDT / PMB / PV";"1";"Eleito";"116483";"0";"5845077";"1,99";"12/07/2019 19:45:09"
"RS";"Deputado Federal";"4511";"LUCAS BELLO REDECKER";"LUCAS REDECKER";"PSDB";"PSDB / PTB / PRB / REDE / PP";"1";"Eleito";"114346";"0";"5845077";"1,96";"12/07/2019 19:45:09"
"RS";"Deputado Federal";"5050";"FERNANDA MELCHIONNA E SILVA";"FERNANDA MELCHIONNA";"PSOL";"PSOL / PCB";"1";"Eleito";"114302";"0";"5845077";"1,96";"12/07/2019 19:45:09"
"RS";"Deputado Federal";"4012";"HEITOR JOSÉ SCHUCH";"HEITOR SCHUCH";"PSB";"PSB / PR / PATRI";"1";"Eleito";"109053";"0";"5845077";"1,87";"12/07/2019 19:45:09"
"RS";"Deputado Federal";"1313";"HENRIQUE FONTANA JÚNIOR";"HENRIQUE FONTANA";"PT";"PT";"1";"Eleito";"108585";"0";"5845077";"1,86";"12/07/2019 19:45:09"
"RS";"Deputado Federal";"1010";"ANTONIO CARLOS GOMES DA SILVA";"CARLOS GOMES";"PRB";"PSDB / PTB / PRB / REDE / PP";"1";"Eleito";"103373";"0";"5845077";"1,77";"12/07/2019 19:45:09"
"RS";"Deputado Federal";"1320";"ELVINO JOSÉ BOHN GASS";"BOHN GASS";"PT";"PT";"1";"Eleito";"102964";"0";"5845077";"1,76";"12/07/2019 19:45:09"
"RS";"Deputado Federal";"5501";"DANRLEI DE DEUS HINTERHOLZ";"DANRLEI DE DEUS GOLEIRO";"PSD";"PSD / PSC / PMN / PRP / PTC";"1";"Eleito";"102662";"0";"5845077";"1,76";"12/07/2019 19:45:09"
"RS";"Deputado Federal";"1111";"LUIS ANTONIO FRANCISCATTO COVATTI";"COVATTI FILHO";"PP";"PSDB / PTB / PRB / REDE / PP";"1";"Eleito";"102063";"0";"5845077";"1,75";"12/07/2019 19:45:09"
"RS";"Deputado Federal";"1520";"MARCIO DELLA VALLE BIOLCHI";"MÁRCIO BIOLCHI";"MDB";"MDB";"1";"Eleito";"100362";"0";"5845077";"1,72";"12/07/2019 19:45:09"
"RS";"Deputado Federal";"1500";"ALCEU MOREIRA DA SILVA";"ALCEU MOREIRA";"MDB";"MDB";"1";"Eleito";"100341";"0";"5845077";"1,72";"12/07/2019 19:45:09"
"RS";"Deputado Federal";"1166";"JOSÉ ALFONSO EBERT HAMM";"AFONSO HAMM";"PP";"PSDB / PTB / PRB / REDE / PP";"1";"Eleito";"100018";"0";"5845077";"1,71";"12/07/2019 19:45:09"
"RS";"Deputado Federal";"1370";"MARIA DO ROSÁRIO NUNES";"MARIA DO ROSÁRIO";"PT";"PT";"1";"Eleito";"97303";"0";"5845077";"1,66";"12/07/2019 19:45:09"
"RS";"Deputado Federal";"1144";"PEDRO BANDARRA WESTPHALEN";"PEDRO WESTPHALEN";"PP";"PSDB / PTB / PRB / REDE / PP";"1";"Eleito";"97163";"0";"5845077";"1,66";"12/07/2019 19:45:09"
"RS";"Deputado Federal";"1515";"GIOVANI BATISTA FELTES";"GIOVANI FELTES";"MDB";"MDB";"1";"Eleito";"93088";"0";"5845077";"1,59";"12/07/2019 19:45:09"
"RS";"Deputado Federal";"1700";"ALCIBIO MESQUITA BIBO NUNES";"BIBO NUNES";"PSL";"DEM / PROS / PSL";"1";"Eleito";"91664";"0";"5845077";"1,57";"12/07/2019 19:45:09"
"RS";"Deputado Federal";"1133";"JERÔNIMO PIZZOLOTTO GOERGEN";"JERÔNIMO GOERGEN";"PP";"PSDB / PTB / PRB / REDE / PP";"1";"Eleito";"89707";"0";"5845077";"1,53";"12/07/2019 19:45:09"
"RS";"Deputado Federal";"1720";"UBIRATAN ANTUNES SANDERSON";"SANDERSON FEDERAL";"PSL";"DEM / PROS / PSL";"1";"Eleito";"88559";"0";"5845077";"1,52";"12/07/2019 19:45:09"
"RS";"Deputado Federal";"1522";"OSMAR GASPARINI TERRA";"OSMAR TERRA";"MDB";"MDB";"1";"Eleito";"86305";"0";"5845077";"1,48";"12/07/2019 19:45:09"
"RS";"Deputado Federal";"1477";"MAURÍCIO ALEXANDRE DZIEDRICKI";"MAURÍCIO DZIEDRICKI";"PTB";"PSDB / PTB / PRB / REDE / PP";"1";"Eleito";"83617";"0";"5845077";"1,43";"12/07/2019 19:45:09"
"RS";"Deputado Federal";"1212";"DARCI POMPEO DE MATTOS";"POMPEO DE MATTOS";"PDT";"PDT / PMB / PV";"1";"Eleito";"80427";"0";"5845077";"1,38";"12/07/2019 19:45:09"
"RS";"Deputado Federal";"4500";"DANIEL TRZECIAK DUARTE";"DANIEL DA TV";"PSDB";"PSDB / PTB / PRB / REDE / PP";"1";"Eleito";"74789";"0";"5845077";"1,28";"12/07/2019 19:45:09"
"RS";"Deputado Federal";"1412";"MARCELO PIRES MORAES";"MARCELO MORAES";"PTB";"PSDB / PTB / PRB / REDE / PP";"1";"Eleito";"69904";"0";"5845077";"1,2";"12/07/2019 19:45:09"
"RS";"Deputado Federal";"1200";"AFONSO ANTUNES DA MOTTA";"AFONSO MOTTA";"PDT";"PDT / PMB / PV";"1";"Eleito";"65712";"0";"5845077";"1,12";"12/07/2019 19:45:09"
"RS";"Deputado Federal";"4041";"LIZIANE BAYER DA COSTA";"LIZIANE BAYER";"PSB";"PSB / PR / PATRI";"1";"Eleito";"52977";"0";"5845077";",91";"12/07/2019 19:45:09"
"RS";"Deputado Federal";"1777";"NEREU CRISPIM";"NEREU CRISPIN";"PSL";"DEM / PROS / PSL";"1";"Eleito";"32200";"0";"5845077";",55";"12/07/2019 19:45:09"
"SC";"Deputado Federal";"1010";"HÉLIO FRANCISCO DA COSTA";"HÉLIO COSTA";"PRB";"PRB / PDT / PSC / DEM / PSB / PC do B / SOLIDARIEDADE";"1";"Eleito";"179307";"0";"3548458";"5,05";"14/12/2018 13:45:40"
"SC";"Deputado Federal";"1717";"DANIEL COSTA DE FREITAS";"DANIEL FREITAS";"PSL";"PSL";"1";"Eleito";"142571";"0";"3548458";"4,02";"14/12/2018 13:45:40"
"SC";"Deputado Federal";"1350";"PEDRO FRANCISCO UCZAI";"PROFESSOR PEDRO UCZAI";"PT";"PT";"1";"Eleito";"115232";"0";"3548458";"3,25";"14/12/2018 13:45:40"
"SC";"Deputado Federal";"1718";"CAROLINE RODRIGUES DE TONI";"CAROLINE DE TONI";"PSL";"PSL";"1";"Eleito";"109363";"0";"3548458";"3,08";"14/12/2018 13:45:40"
"SC";"Deputado Federal";"4577";"GEOVANIA DE SA RODRIGUES";"GEOVANIA DE SA";"PSDB";"PSDB / PPS / PTB / DC";"1";"Eleito";"101937";"0";"3548458";"2,87";"14/12/2018 13:45:40"
"SC";"Deputado Federal";"1570";"CARLOS ALBERTO CHIODINI";"CARLOS CHIODINI";"MDB";"MDB / PR";"1";"Eleito";"97613";"0";"3548458";"2,75";"14/12/2018 13:45:40"
"SC";"Deputado Federal";"1777";"FABIO LUIZ SCHIOCHET FILHO";"FABIO SCHIOCHET";"PSL";"PSL";"1";"Eleito";"87345";"0";"3548458";"2,46";"14/12/2018 13:45:40"
"SC";"Deputado Federal";"1133";"ANGELA REGINA HEINZEN AMIN HELOU";"ANGELA AMIN";"PP";"PSD / PP / PV";"1";"Eleito";"86189";"0";"3548458";"2,43";"14/12/2018 13:45:40"
"SC";"Deputado Federal";"2323";"CARMEN EMILIA BONFÁ ZANOTTO";"CARMEN ZANOTTO";"PPS";"PSDB / PPS / PTB / DC";"1";"Eleito";"84703";"0";"3548458";"2,39";"14/12/2018 13:45:40"
"SC";"Deputado Federal";"1560";"CELSO MALDANER";"CELSO MALDANER";"MDB";"MDB / PR";"1";"Eleito";"80086";"0";"3548458";"2,26";"14/12/2018 13:45:40"
"SC";"Deputado Federal";"1510";"ROGERIO MENDONÇA";"PENINHA";"MDB";"MDB / PR";"1";"Eleito";"76925";"0";"3548458";"2,17";"14/12/2018 13:45:40"
"SC";"Deputado Federal";"5500";"DARCI DE MATOS";"DARCI DE MATOS";"PSD";"PSD / PP / PV";"1";"Eleito";"68130";"0";"3548458";"1,92";"14/12/2018 13:45:40"
"SC";"Deputado Federal";"5511";"RICARDO ZANATTA GUIDI";"RICARDO GUIDI";"PSD";"PSD / PP / PV";"1";"Eleito";"61830";"0";"3548458";"1,74";"14/12/2018 13:45:40"
"SC";"Deputado Federal";"1762";"LUIZ ARMANDO SCHROEDER REIS";"CORONEL ARMANDO";"PSL";"PSL";"1";"Eleito";"60069";"0";"3548458";"1,69";"14/12/2018 13:45:40"
"SC";"Deputado Federal";"4050";"RODRIGO COELHO";"RODRIGO COELHO";"PSB";"PRB / PDT / PSC / DEM / PSB / PC do B / SOLIDARIEDADE";"1";"Eleito";"43314";"0";"3548458";"1,22";"14/12/2018 13:45:40"
"SC";"Deputado Federal";"3050";"GILSON MARQUES VIEIRA";"GILSON MARQUES";"NOVO";"NOVO";"1";"Eleito";"27443";"0";"3548458";",77";"14/12/2018 13:45:40"
"SE";"Deputado Federal";"5555";"FÁBIO CRUZ MITIDIERI";"FÁBIO MITIDIERI";"PSD";"PP / MDB / DC / PC do B / PSD / PT / PHS";"1";"Eleito";"102899";"0";"999441";"10,3";"22/11/2018 14:23:24"
"SE";"Deputado Federal";"1111";"LAERCIO JOSE DE OLIVEIRA";"LAERCIO OLIVEIRA";"PP";"PP / MDB / DC / PC do B / PSD / PT / PHS";"1";"Eleito";"68014";"0";"999441";"6,81";"22/11/2018 14:23:24"
"SE";"Deputado Federal";"1515";"FABIO DE ALMEIDA REIS";"FABIO REIS";"MDB";"PP / MDB / DC / PC do B / PSD / PT / PHS";"1";"Eleito";"64879";"0";"999441";"6,49";"22/11/2018 14:23:24"
"SE";"Deputado Federal";"7777";"LUIZ AUGUSTO CARVALHO RIBEIRO FILHO";"GUSTINHO RIBEIRO";"SOLIDARIEDADE";"PRB / PPS / PSC / PR / PTC / PSDB / SOLIDARIEDADE";"1";"Eleito";"64132";"0";"999441";"6,42";"22/11/2018 14:23:24"
"SE";"Deputado Federal";"1311";"JOAO SOMARIVA DANIEL";"JOAO DANIEL";"PT";"PP / MDB / DC / PC do B / PSD / PT / PHS";"1";"Eleito";"59933";"0";"999441";"6";"22/11/2018 14:23:24"
"SE";"Deputado Federal";"2233";"JOÃO BOSCO DA COSTA";"BOSCO COSTA";"PR";"PRB / PPS / PSC / PR / PTC / PSDB / SOLIDARIEDADE";"1";"Eleito";"47788";"0";"999441";"4,78";"22/11/2018 14:23:24"
"SE";"Deputado Federal";"2090";"JOSÉ VALDEVAN DE JESUS SANTOS";"VALDEVAN NOVENTA";"PSC";"PRB / PPS / PSC / PR / PTC / PSDB / SOLIDARIEDADE";"1";"Eleito";"45472";"0";"999441";"4,55";"22/11/2018 14:23:24"
"SE";"Deputado Federal";"1212";"FABIO HENRIQUE SANTANA DE CARVALHO";"FÁBIO HENRIQUE";"PDT";"PSB / PDT / PPL / PTB / PROS / PRP";"1";"Eleito";"35226";"0";"999441";"3,52";"22/11/2018 14:23:24"
"SP";"Deputado Federal";"1720";"EDUARDO NANTES BOLSONARO";"EDUARDO BOLSONARO";"PSL";"PSL";"1";"Eleito";"1843735";"0";"21130924";"8,73";"21/03/2019 15:24:10"
"SP";"Deputado Federal";"1771";"JOICE CRISTINA HASSELMANN";"JOICE HASSELMANN";"PSL";"PSL";"1";"Eleito";"1078666";"0";"21130924";"5,1";"21/03/2019 15:24:10"
"SP";"Deputado Federal";"1000";"CELSO UBIRAJARA RUSSOMANNO";"CELSO RUSSOMANNO";"PRB";"PRB";"1";"Eleito";"521728";"0";"21130924";"2,47";"21/03/2019 15:24:10"
"SP";"Deputado Federal";"2555";"KIM PATROCA KATAGUIRI";"KIM KATAGUIRI";"DEM";"PSDB / PSD / DEM / PP";"1";"Eleito";"465310";"0";"21130924";"2,2";"21/03/2019 15:24:10"
"SP";"Deputado Federal";"2222";"FRANCISCO EVERARDO OLIVEIRA SILVA";"TIRIRICA";"PR";"PR";"1";"Eleito";"453855";"0";"21130924";"2,15";"21/03/2019 15:24:10"
"SP";"Deputado Federal";"1200";"TABATA CLAUDIA AMARAL DE PONTES";"TABATA AMARAL";"PDT";"PDT";"1";"Eleito";"264450";"0";"21130924";"1,25";"21/03/2019 15:24:10"
"SP";"Deputado Federal";"2240";"KATIA DA SILVA SASTRE";"POLICIAL KATIA SASTRE";"PR";"PR";"1";"Eleito";"264013";"0";"21130924";"1,25";"21/03/2019 15:24:10"
"SP";"Deputado Federal";"5000";"SAMIA DE SOUZA BOMFIM";"SÂMIA BOMFIM";"PSOL";"PSOL / PCB";"1";"Eleito";"249887";"0";"21130924";"1,18";"21/03/2019 15:24:10"
"SP";"Deputado Federal";"2200";"JOSÉ AUGUSTO ROSA";"CAPITÃO AUGUSTO";"PR";"PR";"1";"Eleito";"242327";"0";"21130924";"1,15";"21/03/2019 15:24:10"
"SP";"Deputado Federal";"1920";"MARCO ANTONIO FELICIANO";"PASTOR MARCO FELICIANO";"PODE";"PMB / PHS / PODE";"1";"Eleito";"239784";"0";"21130924";"1,13";"21/03/2019 15:24:10"
"SP";"Deputado Federal";"1515";"LUIZ FELIPE BALEIA TENUTO ROSSI";"BALEIA ROSSI";"MDB";"MDB";"1";"Eleito";"214042";"0";"21130924";"1,01";"21/03/2019 15:24:10"
"SP";"Deputado Federal";"3030";"VINICIUS LAZZER POIT";"VINICIUS POIT";"NOVO";"NOVO";"1";"Eleito";"207118";"0";"21130924";",98";"21/03/2019 15:24:10"
"SP";"Deputado Federal";"5021";"LUIZA ERUNDINA DE SOUSA";"LUIZA ERUNDINA";"PSOL";"PSOL / PCB";"1";"Eleito";"176883";"0";"21130924";",84";"21/03/2019 15:24:10"
"SP";"Deputado Federal";"1919";"RENATA HELLMEISTER DE ABREU";"RENATA ABREU";"PODE";"PMB / PHS / PODE";"1";"Eleito";"161239";"0";"21130924";",76";"21/03/2019 15:24:10"
"SP";"Deputado Federal";"1313";"RUI GOETHE DA COSTA FALCÃO";"RUI FALCÃO";"PT";"PT / PC do B";"1";"Eleito";"158389";"0";"21130924";",75";"21/03/2019 15:24:10"
"SP";"Deputado Federal";"1777";"ALEXANDRE FROTA DE ANDRADE";"ALEXANDRE FROTA";"PSL";"PSL";"1";"Eleito";"155522";"0";"21130924";",74";"21/03/2019 15:24:10"
"SP";"Deputado Federal";"5050";"IVAN VALENTE";"IVAN VALENTE";"PSOL";"PSOL / PCB";"1";"Eleito";"155334";"0";"21130924";",74";"21/03/2019 15:24:10"
"SP";"Deputado Federal";"1010";"MARCOS ANTONIO PEREIRA";"MARCOS PEREIRA";"PRB";"PRB";"1";"Eleito";"139165";"0";"21130924";",66";"21/03/2019 15:24:10"
"SP";"Deputado Federal";"1370";"CARLOS ALBERTO ROLIM ZARATTINI";"CARLOS ZARATTINI";"PT";"PT / PC do B";"1";"Eleito";"137909";"0";"21130924";",65";"21/03/2019 15:24:10"
"SP";"Deputado Federal";"5500";"MARCO AURELIO BERTAIOLLI";"MARCO BERTAIOLLI";"PSD";"PSDB / PSD / DEM / PP";"1";"Eleito";"137628";"0";"21130924";",65";"21/03/2019 15:24:10"
"SP";"Deputado Federal";"2299";"MARCIO LUIZ ALVINO DE SOUZA";"MARCIO ALVINO";"PR";"PR";"1";"Eleito";"135844";"0";"21130924";",64";"21/03/2019 15:24:10"
"SP";"Deputado Federal";"1100";"GUILHERME MUSSI FERREIRA";"GUILHERME MUSSI";"PP";"PSDB / PSD / DEM / PP";"1";"Eleito";"134301";"0";"21130924";",64";"21/03/2019 15:24:10"
"SP";"Deputado Federal";"2345";"ARNALDO CALIL PEREIRA JARDIM";"ARNALDO JARDIM";"PPS";"PSB / PSC / PPS / PTB";"1";"Eleito";"132363";"0";"21130924";",63";"21/03/2019 15:24:10"
"SP";"Deputado Federal";"2343";"ALEX SPINELLI MANENTE";"ALEX MANENTE";"PPS";"PSB / PSC / PPS / PTB";"1";"Eleito";"127366";"0";"21130924";",6";"21/03/2019 15:24:10"
"SP";"Deputado Federal";"4585";"BRUNA DIAS FURLAN";"BRUNA FURLAN";"PSDB";"PSDB / PSD / DEM / PP";"1";"Eleito";"126847";"0";"21130924";",6";"21/03/2019 15:24:10"
"SP";"Deputado Federal";"4500";"CARLOS HENRIQUE FOCESI SAMPAIO";"CARLOS SAMPAIO";"PSDB";"PSDB / PSD / DEM / PP";"1";"Eleito";"125666";"0";"21130924";",59";"21/03/2019 15:24:10"
"SP";"Deputado Federal";"1353";"NILTO IGNACIO TATTO";"NILTO TATTO";"PT";"PT / PC do B";"1";"Eleito";"124281";"0";"21130924";",59";"21/03/2019 15:24:10"
"SP";"Deputado Federal";"1111";"RICARDO IZAR JUNIOR";"RICARDO IZAR";"PP";"PSDB / PSD / DEM / PP";"1";"Eleito";"121869";"0";"21130924";",58";"21/03/2019 15:24:10"
"SP";"Deputado Federal";"4510";"VITOR LIPPI";"VITOR LIPPI";"PSDB";"PSDB / PSD / DEM / PP";"1";"Eleito";"120529";"0";"21130924";",57";"21/03/2019 15:24:10"
"SP";"Deputado Federal";"1190";"GUILHERME MURARO DERRITE";"TENENTE DERRITE";"PP";"PSDB / PSD / DEM / PP";"1";"Eleito";"119034";"0";"21130924";",56";"21/03/2019 15:24:10"
"SP";"Deputado Federal";"5577";"ANTONIO CEZAR CORREIA FREIRE";"CEZINHA DE MADUREIRA";"PSD";"PSDB / PSD / DEM / PP";"1";"Eleito";"119024";"0";"21130924";",56";"21/03/2019 15:24:10"
"SP";"Deputado Federal";"1123";"FAUSTO RUY PINATO";"FAUSTO PINATO";"PP";"PSDB / PSD / DEM / PP";"1";"Eleito";"118684";"0";"21130924";",56";"21/03/2019 15:24:10"
"SP";"Deputado Federal";"1702";"LUIZ PHILIPPE DE ORLEANS BRAGANÇA";"LUIZ PHILIPPE O. BRAGANÇA";"PSL";"PSL";"1";"Eleito";"118457";"0";"21130924";",56";"21/03/2019 15:24:10"
"SP";"Deputado Federal";"2525";"ALEXANDRE LEITE DA SILVA";"ALEXANDRE LEITE";"DEM";"PSDB / PSD / DEM / PP";"1";"Eleito";"116416";"0";"21130924";",55";"21/03/2019 15:24:10"
"SP";"Deputado Federal";"2233";"PAULO ROBERTO FREIRE DA COSTA";"PAULO FREIRE COSTA";"PR";"PR";"1";"Eleito";"109461";"0";"21130924";",52";"21/03/2019 15:24:10"
"SP";"Deputado Federal";"4336";"ENRICO VAN BLARCUM DE GRAAFF MISASI";"ENRICO MISASI";"PV";"PV";"1";"Eleito";"108038";"0";"21130924";",51";"21/03/2019 15:24:10"
"SP";"Deputado Federal";"4077";"ROSANA DE OLIVEIRA VALLE";"ROSANA VALLE";"PSB";"PSB / PSC / PPS / PTB";"1";"Eleito";"106100";"0";"21130924";",5";"21/03/2019 15:24:10"
"SP";"Deputado Federal";"4580";"SAMUEL MOREIRA DA SILVA JÚNIOR";"SAMUEL MOREIRA";"PSDB";"PSDB / PSD / DEM / PP";"1";"Eleito";"103215";"0";"21130924";",49";"21/03/2019 15:24:10"
"SP";"Deputado Federal";"4551";"VANDERLEI MACRIS";"VANDERLEI MACRIS";"PSDB";"PSDB / PSD / DEM / PP";"1";"Eleito";"102708";"0";"21130924";",49";"21/03/2019 15:24:10"
"SP";"Deputado Federal";"4015";"RODRIGO ANTONIO DE AGOSTINHO MENDONÇA";"RODRIGO AGOSTINHO";"PSB";"PSB / PSC / PPS / PTB";"1";"Eleito";"100179";"0";"21130924";",47";"21/03/2019 15:24:10"
"SP";"Deputado Federal";"4044";"JEFFERSON ALVES DE CAMPOS";"JEFFERSON CAMPOS";"PSB";"PSB / PSC / PPS / PTB";"1";"Eleito";"99974";"0";"21130924";",47";"21/03/2019 15:24:10"
"SP";"Deputado Federal";"2533";"DAVID BEZERRA RIBEIRO SOARES";"DAVID SOARES";"DEM";"PSDB / PSD / DEM / PP";"1";"Eleito";"99865";"0";"21130924";",47";"21/03/2019 15:24:10"
"SP";"Deputado Federal";"1700";"MARCIO TADEU ANHAIA DE LEMOS";"CORONEL TADEU";"PSL";"PSL";"1";"Eleito";"98373";"0";"21130924";",47";"21/03/2019 15:24:10"
"SP";"Deputado Federal";"1085";"VINICIUS RAPOZO DE CARVALHO";"VINICIUS CARVALHO";"PRB";"PRB";"1";"Eleito";"97862";"0";"21130924";",46";"21/03/2019 15:24:10"
"SP";"Deputado Federal";"4515";"EDUARDO PEDROSA CURY";"EDUARDO CURY";"PSDB";"PSDB / PSD / DEM / PP";"1";"Eleito";"94282";"0";"21130924";",45";"21/03/2019 15:24:10"
"SP";"Deputado Federal";"2277";"MIGUEL LOMBARDI";"MIGUEL LOMBARDI";"PR";"PR";"1";"Eleito";"93093";"0";"21130924";",44";"21/03/2019 15:24:10"
"SP";"Deputado Federal";"2577";"ADRIANO ELI CORRÊA";"ELI CORRÊA FILHO";"DEM";"PSDB / PSD / DEM / PP";"1";"Eleito";"92257";"0";"21130924";",44";"21/03/2019 15:24:10"
"SP";"Deputado Federal";"2020";"GILBERTO NASCIMENTO SILVA";"GILBERTO NASCIMENTO";"PSC";"PSB / PSC / PPS / PTB";"1";"Eleito";"91797";"0";"21130924";",43";"21/03/2019 15:24:10"
"SP";"Deputado Federal";"2550";"EUGENIO JOSÉ ZULIANI";"GENINHO ZULIANI";"DEM";"PSDB / PSD / DEM / PP";"1";"Eleito";"89378";"0";"21130924";",42";"21/03/2019 15:24:10"
"SP";"Deputado Federal";"1354";"ALEXANDRE ROCHA SANTOS PADILHA";"ALEXANDRE PADILHA";"PT";"PT / PC do B";"1";"Eleito";"87576";"0";"21130924";",41";"21/03/2019 15:24:10"
"SP";"Deputado Federal";"1322";"ARLINDO CHIGNALIA JUNIOR";"ARLINDO CHINAGLIA";"PT";"PT / PC do B";"1";"Eleito";"87449";"0";"21130924";",41";"21/03/2019 15:24:10"
"SP";"Deputado Federal";"4001";"LUIZ FLAVIO GOMES";"PROFESSOR LUIZ FLAVIO GOMES";"PSB";"PSB / PSC / PPS / PTB";"1";"Eleito";"86433";"0";"21130924";",41";"21/03/2019 15:24:10"
"SP";"Deputado Federal";"1078";"BENEDITO ROBERTO ALVES FERREIRA";"ROBERTO ALVES";"PRB";"PRB";"1";"Eleito";"82097";"0";"21130924";",39";"21/03/2019 15:24:10"
"SP";"Deputado Federal";"1770";"NICOLINO BOZZELLA JUNIOR";"JUNIOR BOZZELLA";"PSL";"PSL";"1";"Eleito";"78712";"0";"21130924";",37";"21/03/2019 15:24:10"
"SP";"Deputado Federal";"1398";"LUIZ PAULO TEIXEIRA FERREIRA";"PAULO TEIXEIRA";"PT";"PT / PC do B";"1";"Eleito";"78512";"0";"21130924";",37";"21/03/2019 15:24:10"
"SP";"Deputado Federal";"1055";"MILTON VIEIRA PINTO";"MILTON VIEIRA";"PRB";"PRB";"1";"Eleito";"77413";"0";"21130924";",37";"21/03/2019 15:24:10"
"SP";"Deputado Federal";"1710";"CARLA ZAMBELLI SALGADO";"CARLA ZAMBELLI";"PSL";"PSL";"1";"Eleito";"76306";"0";"21130924";",36";"21/03/2019 15:24:10"
"SP";"Deputado Federal";"7777";"PAULO PEREIRA DA SILVA";"PAULINHO DA FORÇA";"SOLIDARIEDADE";"SOLIDARIEDADE";"1";"Eleito";"75613";"0";"21130924";",36";"21/03/2019 15:24:10"
"SP";"Deputado Federal";"2244";"LUIZ CARLOS MOTTA";"LUIZ CARLOS MOTTA";"PR";"PR";"1";"Eleito";"75218";"0";"21130924";",36";"21/03/2019 15:24:10"
"SP";"Deputado Federal";"1717";"ROBERTO SEBASTIÃO PETERNELLI JUNIOR";"GENERAL PETERNELLI";"PSL";"PSL";"1";"Eleito";"74190";"0";"21130924";",35";"21/03/2019 15:24:10"
"SP";"Deputado Federal";"1022";"MARIA DO PARTO MENDES ROSAS";"MARIA ROSAS";"PRB";"PRB";"1";"Eleito";"71745";"0";"21130924";",34";"21/03/2019 15:24:10"
"SP";"Deputado Federal";"1390";"VICENTE PAULO DA SILVA";"VICENTINHO";"PT";"PT / PC do B";"1";"Eleito";"70645";"0";"21130924";",33";"21/03/2019 15:24:10"
"SP";"Deputado Federal";"1701";"PAULO SERGIO ABOU ANNI";"ABOU ANNI";"PSL";"PSL";"1";"Eleito";"69256";"0";"21130924";",33";"21/03/2019 15:24:10"
"SP";"Deputado Federal";"1358";"ALENCAR SANTANA BRAGA";"ALENCAR SANTANA";"PT";"PT / PC do B";"1";"Eleito";"67892";"0";"21130924";",32";"21/03/2019 15:24:10"
"SP";"Deputado Federal";"6565";"ORLANDO SILVA DE JESUS JUNIOR";"ORLANDO SILVA";"PC do B";"PT / PC do B";"1";"Eleito";"64822";"0";"21130924";",31";"21/03/2019 15:24:10"
"SP";"Deputado Federal";"3050";"ADRIANA MIGUEL VENTURA";"ADRIANA VENTURA";"NOVO";"NOVO";"1";"Eleito";"64341";"0";"21130924";",3";"21/03/2019 15:24:10"
"SP";"Deputado Federal";"1999";"ROBERTO ALVES DE LUCENA";"ROBERTO DE LUCENA";"PODE";"PMB / PHS / PODE";"1";"Eleito";"56033";"0";"21130924";",27";"21/03/2019 15:24:10"
"SP";"Deputado Federal";"1551";"HERCULANO CASTILHO PASSOS JUNIOR";"HERCULANO PASSOS";"MDB";"MDB";"1";"Eleito";"49653";"0";"21130924";",23";"21/03/2019 15:24:10"
"SP";"Deputado Federal";"3000";"ALEXIS JOSEPH STEVERLYNCK FONTEYNE";"ALEXIS";"NOVO";"NOVO";"1";"Eleito";"45298";"0";"21130924";",21";"21/03/2019 15:24:10"
"SP";"Deputado Federal";"1790";"JOSÉ GUILHERME NEGRÃO PEIXOTO";"GUIGA PEIXOTO";"PSL";"PSL";"1";"Eleito";"31718";"0";"21130924";",15";"21/03/2019 15:24:10"
"TO";"Deputado Federal";"7788";"TIAGO BRAGA PEREIRA";"TIAGO DIMAS";"SOLIDARIEDADE";"PHS / AVANTE / PROS / DEM / PTC / PP / SOLIDARIEDADE / PATRI / PRB";"1";"Eleito";"71842";"0";"715942";"10,03";"07/10/2018 20:57:35"
"TO";"Deputado Federal";"2020";"OSIRES RODRIGUES DAMASO";"OSIRES DAMASO";"PSC";"PSB / PSDB / PR / PODE / MDB / PSC";"1";"Eleito";"58726";"0";"715942";"8,2";"07/10/2018 20:57:35"
"TO";"Deputado Federal";"2222";"VICENTE ALVES DE OLIVEIRA JUNIOR";"VICENTINHO JUNIOR";"PR";"PSB / PSDB / PR / PODE / MDB / PSC";"1";"Eleito";"49868";"0";"715942";"6,97";"07/10/2018 20:57:35"
"TO";"Deputado Federal";"7700";"ELI DIAS BORGES";"ELI BORGES";"SOLIDARIEDADE";"PHS / AVANTE / PROS / DEM / PTC / PP / SOLIDARIEDADE / PATRI / PRB";"1";"Eleito";"48812";"0";"715942";"6,82";"07/10/2018 20:57:35"
"TO";"Deputado Federal";"2525";"CARLOS HENRIQUE AMORIM";"CARLOS HENRIQUE GAGUIM";"DEM";"PHS / AVANTE / PROS / DEM / PTC / PP / SOLIDARIEDADE / PATRI / PRB";"1";"Eleito";"48012";"0";"715942";"6,71";"07/10/2018 20:57:35"
"TO";"Deputado Federal";"2580";"MARIA AUXILIADORA SEABRA REZENDE";"PROFESSORA DORINHA";"DEM";"PHS / AVANTE / PROS / DEM / PTC / PP / SOLIDARIEDADE / PATRI / PRB";"1";"Eleito";"48008";"0";"715942";"6,71";"07/10/2018 20:57:35"
"TO";"Deputado Federal";"1511";"DULCE FERREIRA PAGANI MIRANDA";"DULCE MIRANDA";"MDB";"PSB / PSDB / PR / PODE / MDB / PSC";"1";"Eleito";"40719";"0";"715942";"5,69";"07/10/2018 20:57:35"
"TO";"Deputado Federal";"1303";"CELIO ALVES DE MOURA";"CELIO MOURA";"PT";"PT / PC do B / PV / PSD / REDE";"1";"Eleito";"18167";"0";"715942";"2,54";"07/10/2018 20:57:35"
